version 1.00
1110
[1.014850,15.528275,-14.131530][0.300503,0.574339,-0.761467][0.173870,0.894733,0.000000][0.000000,16.262041,-13.487563][0.000000,0.716243,-0.697851][0.183594,0.901763,0.000000][1.761851,15.555087,-13.653913][0.282217,0.566435,-0.774277][0.166713,0.894989,0.000000]
[0.000000,16.262041,-13.487563][0.000000,0.716243,-0.697851][0.183594,0.901763,0.000000][-1.014850,15.528275,-14.131530][-0.300502,0.574339,-0.761467][0.193317,0.894733,0.000000][-1.761851,15.555087,-13.653913][-0.282217,0.566435,-0.774277][0.200475,0.894989,0.000000]
[-1.761851,15.555087,-13.653913][-0.282217,0.566435,-0.774277][0.200475,0.894989,0.000000][-2.099352,14.462055,-14.217752][-0.193389,0.453163,-0.870197][0.203708,0.884517,0.000000][-3.231568,14.368560,-13.961570][-0.228451,0.389437,-0.892272][0.214557,0.883621,0.000000]
[0.000000,16.262041,-13.487563][0.000000,0.716243,-0.697851][0.183594,0.901763,0.000000][1.409744,16.588482,-12.976768][0.174835,0.672125,-0.719501][0.170086,0.904891,0.000000][1.761851,15.555087,-13.653913][0.282217,0.566435,-0.774277][0.166713,0.894989,0.000000]
[2.371333,16.997168,-12.302728][0.053116,0.634176,-0.771362][0.160873,0.908807,0.000000][1.761851,15.555087,-13.653913][0.282217,0.566435,-0.774277][0.166713,0.894989,0.000000][1.409744,16.588482,-12.976768][0.174835,0.672125,-0.719501][0.170086,0.904891,0.000000]
[1.409744,16.588482,-12.976768][0.174835,0.672125,-0.719501][0.170086,0.904891,0.000000][0.000000,17.814548,-11.733369][-0.000000,0.700086,-0.714059][0.183594,0.916638,0.000000][2.371333,16.997168,-12.302728][0.053116,0.634176,-0.771362][0.160873,0.908807,0.000000]
[1.409744,16.588482,-12.976768][0.174835,0.672125,-0.719501][0.170086,0.904891,0.000000][0.000000,16.262041,-13.487563][0.000000,0.716243,-0.697851][0.183594,0.901763,0.000000][0.000000,16.858721,-12.920254][-0.000000,0.712436,-0.701738][0.183594,0.907480,0.000000]
[0.000000,17.814548,-11.733369][-0.000000,0.700086,-0.714059][0.183594,0.916638,0.000000][1.409744,16.588482,-12.976768][0.174835,0.672125,-0.719501][0.170086,0.904891,0.000000][0.000000,16.858721,-12.920254][-0.000000,0.712436,-0.701738][0.183594,0.907480,0.000000]
[0.000000,16.262041,-13.487563][0.000000,0.716243,-0.697851][0.183594,0.901763,0.000000][-1.409744,16.588482,-12.976768][-0.174835,0.672125,-0.719501][0.197101,0.904891,0.000000][0.000000,16.858721,-12.920254][-0.000000,0.712436,-0.701738][0.183594,0.907480,0.000000]
[-1.409744,16.588482,-12.976768][-0.174835,0.672125,-0.719501][0.197101,0.904891,0.000000][0.000000,17.814548,-11.733369][-0.000000,0.700086,-0.714059][0.183594,0.916638,0.000000][0.000000,16.858721,-12.920254][-0.000000,0.712436,-0.701738][0.183594,0.907480,0.000000]
[-1.409744,16.588482,-12.976768][-0.174835,0.672125,-0.719501][0.197101,0.904891,0.000000][0.000000,16.262041,-13.487563][0.000000,0.716243,-0.697851][0.183594,0.901763,0.000000][-1.761851,15.555087,-13.653913][-0.282217,0.566435,-0.774277][0.200475,0.894989,0.000000]
[0.000000,17.814548,-11.733369][-0.000000,0.700086,-0.714059][0.183594,0.916638,0.000000][-1.409744,16.588482,-12.976768][-0.174835,0.672125,-0.719501][0.197101,0.904891,0.000000][-2.371333,16.997168,-12.302728][-0.053118,0.634175,-0.771362][0.206314,0.908807,0.000000]
[-2.371333,16.997168,-12.302728][-0.053118,0.634175,-0.771362][0.206314,0.908807,0.000000][-1.409744,16.588482,-12.976768][-0.174835,0.672125,-0.719501][0.197101,0.904891,0.000000][-1.761851,15.555087,-13.653913][-0.282217,0.566435,-0.774277][0.200475,0.894989,0.000000]
[-1.761851,15.555087,-13.653913][-0.282217,0.566435,-0.774277][0.200475,0.894989,0.000000][-3.231568,14.368560,-13.961570][-0.228451,0.389437,-0.892272][0.214557,0.883621,0.000000][-2.371333,16.997168,-12.302728][-0.053118,0.634175,-0.771362][0.206314,0.908807,0.000000]
[-3.099435,19.923910,-9.773969][-0.126140,0.736278,-0.664819][0.213291,0.936849,0.000000][0.000000,17.814548,-11.733369][-0.000000,0.700086,-0.714059][0.183594,0.916638,0.000000][-2.371333,16.997168,-12.302728][-0.053118,0.634175,-0.771362][0.206314,0.908807,0.000000]
[-3.118438,16.074871,-12.901097][0.023401,0.516814,-0.855778][0.213473,0.899970,0.000000][-2.371333,16.997168,-12.302728][-0.053118,0.634175,-0.771362][0.206314,0.908807,0.000000][-3.231568,14.368560,-13.961570][-0.228451,0.389437,-0.892272][0.214557,0.883621,0.000000]
[-3.099435,19.923910,-9.773969][-0.126140,0.736278,-0.664819][0.213291,0.936849,0.000000][-2.371333,16.997168,-12.302728][-0.053118,0.634175,-0.771362][0.206314,0.908807,0.000000][-3.587381,17.969330,-11.687243][0.007257,0.628068,-0.778125][0.217966,0.918121,0.000000]
[-3.118438,16.074871,-12.901097][0.023401,0.516814,-0.855778][0.213473,0.899970,0.000000][-3.535175,16.892658,-12.440734][-0.045035,0.545203,-0.837094][0.217466,0.907805,0.000000][-2.371333,16.997168,-12.302728][-0.053118,0.634175,-0.771362][0.206314,0.908807,0.000000]
[-2.371333,16.997168,-12.302728][-0.053118,0.634175,-0.771362][0.206314,0.908807,0.000000][-3.535175,16.892658,-12.440734][-0.045035,0.545203,-0.837094][0.217466,0.907805,0.000000][-3.587381,17.969330,-11.687243][0.007257,0.628068,-0.778125][0.217966,0.918121,0.000000]
[-3.535175,16.892658,-12.440734][-0.045035,0.545203,-0.837094][0.217466,0.907805,0.000000][-3.118438,16.074871,-12.901097][0.023401,0.516814,-0.855778][0.213473,0.899970,0.000000][-4.025931,15.834776,-13.046955][-0.104712,0.511938,-0.852616][0.222168,0.897669,0.000000]
[-3.231568,14.368560,-13.961570][-0.228451,0.389437,-0.892272][0.214557,0.883621,0.000000][-4.025931,15.834776,-13.046955][-0.104712,0.511938,-0.852616][0.222168,0.897669,0.000000][-3.118438,16.074871,-12.901097][0.023401,0.516814,-0.855778][0.213473,0.899970,0.000000]
[-3.587381,17.969330,-11.687243][0.007257,0.628068,-0.778125][0.217966,0.918121,0.000000][-3.535175,16.892658,-12.440734][-0.045035,0.545203,-0.837094][0.217466,0.907805,0.000000][-5.419944,16.864298,-12.097136][-0.309283,0.520367,-0.795966][0.235524,0.907534,0.000000]
[-5.419944,16.864298,-12.097136][-0.309283,0.520367,-0.795966][0.235524,0.907534,0.000000][-3.535175,16.892658,-12.440734][-0.045035,0.545203,-0.837094][0.217466,0.907805,0.000000][-4.025931,15.834776,-13.046955][-0.104712,0.511938,-0.852616][0.222168,0.897669,0.000000]
[-3.099435,19.923910,-9.773969][-0.126140,0.736278,-0.664819][0.213291,0.936849,0.000000][-3.587381,17.969330,-11.687243][0.007257,0.628068,-0.778125][0.217966,0.918121,0.000000][-4.391557,18.450296,-11.219385][-0.150785,0.680353,-0.717206][0.225671,0.922730,0.000000]
[-4.391557,18.450296,-11.219385][-0.150785,0.680353,-0.717206][0.225671,0.922730,0.000000][-3.587381,17.969330,-11.687243][0.007257,0.628068,-0.778125][0.217966,0.918121,0.000000][-5.419944,16.864298,-12.097136][-0.309283,0.520367,-0.795966][0.235524,0.907534,0.000000]
[-4.391557,18.450296,-11.219385][-0.150785,0.680353,-0.717206][0.225671,0.922730,0.000000][-5.830663,19.606054,-9.106580][-0.415059,0.726617,-0.547497][0.239460,0.933804,0.000000][-3.099435,19.923910,-9.773969][-0.126140,0.736278,-0.664819][0.213291,0.936849,0.000000]
[-4.780402,15.192129,-13.265685][-0.244742,0.408998,-0.879103][0.229396,0.891512,0.000000][-4.025931,15.834776,-13.046955][-0.104712,0.511938,-0.852616][0.222168,0.897669,0.000000][-3.231568,14.368560,-13.961570][-0.228451,0.389437,-0.892272][0.214557,0.883621,0.000000]
[-4.025931,15.834776,-13.046955][-0.104712,0.511938,-0.852616][0.222168,0.897669,0.000000][-4.780402,15.192129,-13.265685][-0.244742,0.408998,-0.879103][0.229396,0.891512,0.000000][-5.419944,16.864298,-12.097136][-0.309283,0.520367,-0.795966][0.235524,0.907534,0.000000]
[-3.231568,14.368560,-13.961570][-0.228451,0.389437,-0.892272][0.214557,0.883621,0.000000][-6.138102,13.196898,-13.490343][-0.402741,0.239147,-0.883520][0.242405,0.872395,0.000000][-4.780402,15.192129,-13.265685][-0.244742,0.408998,-0.879103][0.229396,0.891512,0.000000]
[-5.830663,19.606054,-9.106580][-0.415059,0.726617,-0.547497][0.239460,0.933804,0.000000][-4.391557,18.450296,-11.219385][-0.150785,0.680353,-0.717206][0.225671,0.922730,0.000000][-5.535011,18.387629,-10.905605][-0.318855,0.680058,-0.660191][0.236627,0.922129,0.000000]
[-5.419944,16.864298,-12.097136][-0.309283,0.520367,-0.795966][0.235524,0.907534,0.000000][-5.535011,18.387629,-10.905605][-0.318855,0.680058,-0.660191][0.236627,0.922129,0.000000][-4.391557,18.450296,-11.219385][-0.150785,0.680353,-0.717206][0.225671,0.922730,0.000000]
[-5.830663,19.606054,-9.106580][-0.415059,0.726617,-0.547497][0.239460,0.933804,0.000000][-5.535011,18.387629,-10.905605][-0.318855,0.680058,-0.660191][0.236627,0.922129,0.000000][-6.144406,18.080839,-10.825317][-0.478620,0.614317,-0.627325][0.242466,0.919190,0.000000]
[-6.144406,18.080839,-10.825317][-0.478620,0.614317,-0.627325][0.242466,0.919190,0.000000][-5.535011,18.387629,-10.905605][-0.318855,0.680058,-0.660191][0.236627,0.922129,0.000000][-5.419944,16.864298,-12.097136][-0.309283,0.520367,-0.795966][0.235524,0.907534,0.000000]
[-5.830663,19.606054,-9.106580][-0.415059,0.726617,-0.547497][0.239460,0.933804,0.000000][-6.144406,18.080839,-10.825317][-0.478620,0.614317,-0.627325][0.242466,0.919190,0.000000][-7.433650,16.835655,-10.873914][-0.595545,0.537575,-0.596942][0.254818,0.907259,0.000000]
[-7.433650,16.835655,-10.873914][-0.595545,0.537575,-0.596942][0.254818,0.907259,0.000000][-6.144406,18.080839,-10.825317][-0.478620,0.614317,-0.627325][0.242466,0.919190,0.000000][-5.419944,16.864298,-12.097136][-0.309283,0.520367,-0.795966][0.235524,0.907534,0.000000]
[-8.323503,17.727444,-8.800839][-0.649387,0.581351,-0.490232][0.263344,0.915804,0.000000][-5.830663,19.606054,-9.106580][-0.415059,0.726617,-0.547497][0.239460,0.933804,0.000000][-7.433650,16.835655,-10.873914][-0.595545,0.537575,-0.596942][0.254818,0.907259,0.000000]
[-8.354020,15.412293,-10.828523][-0.710206,0.401381,-0.578360][0.263637,0.893621,0.000000][-8.323503,17.727444,-8.800839][-0.649387,0.581351,-0.490232][0.263344,0.915804,0.000000][-7.433650,16.835655,-10.873914][-0.595545,0.537575,-0.596942][0.254818,0.907259,0.000000]
[-4.780402,15.192129,-13.265685][-0.244742,0.408998,-0.879103][0.229396,0.891512,0.000000][-6.138102,13.196898,-13.490343][-0.402741,0.239147,-0.883520][0.242405,0.872395,0.000000][-5.924274,14.729810,-13.062986][-0.367533,0.364177,-0.855743][0.240357,0.887082,0.000000]
[-4.780402,15.192129,-13.265685][-0.244742,0.408998,-0.879103][0.229396,0.891512,0.000000][-5.924274,14.729810,-13.062986][-0.367533,0.364177,-0.855743][0.240357,0.887082,0.000000][-5.419944,16.864298,-12.097136][-0.309283,0.520367,-0.795966][0.235524,0.907534,0.000000]
[-5.419944,16.864298,-12.097136][-0.309283,0.520367,-0.795966][0.235524,0.907534,0.000000][-7.550325,15.749366,-11.632907][-0.580279,0.442771,-0.683542][0.255936,0.896851,0.000000][-7.433650,16.835655,-10.873914][-0.595545,0.537575,-0.596942][0.254818,0.907259,0.000000]
[-5.924274,14.729810,-13.062986][-0.367533,0.364177,-0.855743][0.240357,0.887082,0.000000][-7.550325,15.749366,-11.632907][-0.580279,0.442771,-0.683542][0.255936,0.896851,0.000000][-5.419944,16.864298,-12.097136][-0.309283,0.520367,-0.795966][0.235524,0.907534,0.000000]
[-7.433650,16.835655,-10.873914][-0.595545,0.537575,-0.596942][0.254818,0.907259,0.000000][-7.550325,15.749366,-11.632907][-0.580279,0.442771,-0.683542][0.255936,0.896851,0.000000][-8.354020,15.412293,-10.828523][-0.710206,0.401381,-0.578360][0.263637,0.893621,0.000000]
[-7.208166,14.175145,-12.569361][-0.521293,0.295542,-0.800568][0.252658,0.881768,0.000000][-5.924274,14.729810,-13.062986][-0.367533,0.364177,-0.855743][0.240357,0.887082,0.000000][-6.138102,13.196898,-13.490343][-0.402741,0.239147,-0.883520][0.242405,0.872395,0.000000]
[-7.550325,15.749366,-11.632907][-0.580279,0.442771,-0.683542][0.255936,0.896851,0.000000][-5.924274,14.729810,-13.062986][-0.367533,0.364177,-0.855743][0.240357,0.887082,0.000000][-7.208166,14.175145,-12.569361][-0.521293,0.295542,-0.800568][0.252658,0.881768,0.000000]
[-6.138102,13.196898,-13.490343][-0.402741,0.239147,-0.883520][0.242405,0.872395,0.000000][-7.949132,12.242507,-12.544880][-0.574629,0.238459,-0.782904][0.259757,0.863250,0.000000][-7.208166,14.175145,-12.569361][-0.521293,0.295542,-0.800568][0.252658,0.881768,0.000000]
[-8.354020,15.412293,-10.828523][-0.710206,0.401381,-0.578360][0.263637,0.893621,0.000000][-7.550325,15.749366,-11.632907][-0.580279,0.442771,-0.683542][0.255936,0.896851,0.000000][-7.969579,14.646590,-11.812716][-0.741746,0.248251,-0.623044][0.259953,0.886285,0.000000]
[-7.949132,12.242507,-12.544880][-0.574629,0.238459,-0.782904][0.259757,0.863250,0.000000][-8.354020,15.412293,-10.828523][-0.710206,0.401381,-0.578360][0.263637,0.893621,0.000000][-7.969579,14.646590,-11.812716][-0.741746,0.248251,-0.623044][0.259953,0.886285,0.000000]
[-7.208166,14.175145,-12.569361][-0.521293,0.295542,-0.800568][0.252658,0.881768,0.000000][-7.969579,14.646590,-11.812716][-0.741746,0.248251,-0.623044][0.259953,0.886285,0.000000][-7.550325,15.749366,-11.632907][-0.580279,0.442771,-0.683542][0.255936,0.896851,0.000000]
[-7.969579,14.646590,-11.812716][-0.741746,0.248251,-0.623044][0.259953,0.886285,0.000000][-7.208166,14.175145,-12.569361][-0.521293,0.295542,-0.800568][0.252658,0.881768,0.000000][-7.949132,12.242507,-12.544880][-0.574629,0.238459,-0.782904][0.259757,0.863250,0.000000]
[-2.907304,16.379740,11.662639][-0.160789,0.523072,0.836984][0.551223,0.904830,0.000000][0.000000,12.345095,14.031584][-0.000000,0.409289,0.912405][0.524414,0.867625,0.000000][0.000000,16.539560,11.827842][-0.000000,0.528562,0.848895][0.524414,0.906303,0.000000]
[2.907304,16.379740,11.662639][0.160789,0.523072,0.836984][0.497605,0.904830,0.000000][0.000000,16.539560,11.827842][-0.000000,0.528562,0.848895][0.524414,0.906303,0.000000][0.000000,12.345095,14.031584][-0.000000,0.409289,0.912405][0.524414,0.867625,0.000000]
[-2.907304,16.379740,11.662639][-0.160789,0.523072,0.836984][0.551223,0.904830,0.000000][-5.786583,19.062441,8.761133][-0.376089,0.631476,0.678082][0.577773,0.929567,0.000000][-5.704968,15.838892,11.196637][-0.326355,0.505244,0.798887][0.577021,0.899842,0.000000]
[-8.397758,17.433601,8.377868][-0.565814,0.572883,0.593009][0.601852,0.914548,0.000000][-5.704968,15.838892,11.196637][-0.326355,0.505244,0.798887][0.577021,0.899842,0.000000][-5.786583,19.062441,8.761133][-0.376089,0.631476,0.678082][0.577773,0.929567,0.000000]
[0.000000,12.345095,14.031584][-0.000000,0.409289,0.912405][0.524414,0.867625,0.000000][-2.907304,16.379740,11.662639][-0.160789,0.523072,0.836984][0.551223,0.904830,0.000000][-3.011873,12.250890,13.809613][-0.161421,0.403640,0.900565][0.552187,0.866757,0.000000]
[-5.704968,15.838892,11.196637][-0.326355,0.505244,0.798887][0.577021,0.899842,0.000000][-3.011873,12.250890,13.809613][-0.161421,0.403640,0.900565][0.552187,0.866757,0.000000][-2.907304,16.379740,11.662639][-0.160789,0.523072,0.836984][0.551223,0.904830,0.000000]
[-5.704968,15.838892,11.196637][-0.326355,0.505244,0.798887][0.577021,0.899842,0.000000][-8.397758,17.433601,8.377868][-0.565814,0.572883,0.593009][0.601852,0.914548,0.000000][-8.188123,14.889694,10.532641][-0.489818,0.473397,0.732102][0.599918,0.891090,0.000000]
[-8.188123,14.889694,10.532641][-0.489818,0.473397,0.732102][0.599918,0.891090,0.000000][-8.397758,17.433601,8.377868][-0.565814,0.572883,0.593009][0.601852,0.914548,0.000000][-10.541958,14.981172,8.176535][-0.721335,0.469362,0.509288][0.621624,0.891933,0.000000]
[-3.011873,12.250890,13.809613][-0.161421,0.403640,0.900565][0.552187,0.866757,0.000000][-5.704968,15.838892,11.196637][-0.326355,0.505244,0.798887][0.577021,0.899842,0.000000][-5.913808,11.932800,13.158243][-0.323958,0.385342,0.864039][0.578947,0.863823,0.000000]
[-8.188123,14.889694,10.532641][-0.489818,0.473397,0.732102][0.599918,0.891090,0.000000][-5.913808,11.932800,13.158243][-0.323958,0.385342,0.864039][0.578947,0.863823,0.000000][-5.704968,15.838892,11.196637][-0.326355,0.505244,0.798887][0.577021,0.899842,0.000000]
[-10.541958,14.981172,8.176535][-0.721335,0.469362,0.509288][0.621624,0.891933,0.000000][-9.902091,13.848424,9.895437][-0.637050,0.418326,0.647434][0.615723,0.881488,0.000000][-8.188123,14.889694,10.532641][-0.489818,0.473397,0.732102][0.599918,0.891090,0.000000]
[-10.541958,14.981172,8.176535][-0.721335,0.469362,0.509288][0.621624,0.891933,0.000000][-12.109506,11.491868,8.537817][-0.796040,0.348751,0.494664][0.636078,0.859757,0.000000][-9.902091,13.848424,9.895437][-0.637050,0.418326,0.647434][0.615723,0.881488,0.000000]
[-5.913808,11.932800,13.158243][-0.323958,0.385342,0.864039][0.578947,0.863823,0.000000][-8.188123,14.889694,10.532641][-0.489818,0.473397,0.732102][0.599918,0.891090,0.000000][-8.542095,11.430770,12.107082][-0.486754,0.353370,0.798874][0.603182,0.859194,0.000000]
[-9.902091,13.848424,9.895437][-0.637050,0.418326,0.647434][0.615723,0.881488,0.000000][-8.542095,11.430770,12.107082][-0.486754,0.353370,0.798874][0.603182,0.859194,0.000000][-8.188123,14.889694,10.532641][-0.489818,0.473397,0.732102][0.599918,0.891090,0.000000]
[-9.902091,13.848424,9.895437][-0.637050,0.418326,0.647434][0.615723,0.881488,0.000000][-12.109506,11.491868,8.537817][-0.796040,0.348751,0.494664][0.636078,0.859757,0.000000][-10.652289,11.078268,10.650030][-0.664470,0.331566,0.669734][0.622641,0.855944,0.000000]
[-8.542095,11.430770,12.107082][-0.486754,0.353370,0.798874][0.603182,0.859194,0.000000][-9.902091,13.848424,9.895437][-0.637050,0.418326,0.647434][0.615723,0.881488,0.000000][-10.652289,11.078268,10.650030][-0.664470,0.331566,0.669734][0.622641,0.855944,0.000000]
[-12.109506,11.491868,8.537817][-0.796040,0.348751,0.494664][0.636078,0.859757,0.000000][-13.279486,7.539557,9.050322][-0.816374,0.253836,0.518750][0.646867,0.823313,0.000000][-10.652289,11.078268,10.650030][-0.664470,0.331566,0.669734][0.622641,0.855944,0.000000]
[-10.652289,11.078268,10.650030][-0.664470,0.331566,0.669734][0.622641,0.855944,0.000000][-13.279486,7.539557,9.050322][-0.816374,0.253836,0.518750][0.646867,0.823313,0.000000][-11.436331,7.363162,11.435977][-0.684822,0.244496,0.686469][0.629871,0.821686,0.000000]
[-10.652289,11.078268,10.650030][-0.664470,0.331566,0.669734][0.622641,0.855944,0.000000][-9.051247,7.517862,13.279178][-0.516507,0.255737,0.817202][0.607877,0.823112,0.000000][-8.542095,11.430770,12.107082][-0.486754,0.353370,0.798874][0.603182,0.859194,0.000000]
[-9.051247,7.517862,13.279178][-0.516507,0.255737,0.817202][0.607877,0.823112,0.000000][-10.652289,11.078268,10.650030][-0.664470,0.331566,0.669734][0.622641,0.855944,0.000000][-11.436331,7.363162,11.435977][-0.684822,0.244496,0.686469][0.629871,0.821686,0.000000]
[-8.542095,11.430770,12.107082][-0.486754,0.353370,0.798874][0.603182,0.859194,0.000000][-6.242289,7.786957,14.600880][-0.343831,0.275512,0.897705][0.581975,0.825594,0.000000][-5.913808,11.932800,13.158243][-0.323958,0.385342,0.864039][0.578947,0.863823,0.000000]
[-6.242289,7.786957,14.600880][-0.343831,0.275512,0.897705][0.581975,0.825594,0.000000][-8.542095,11.430770,12.107082][-0.486754,0.353370,0.798874][0.603182,0.859194,0.000000][-9.051247,7.517862,13.279178][-0.516507,0.255737,0.817202][0.607877,0.823112,0.000000]
[-3.178610,7.961356,15.405151][-0.171749,0.289043,0.941783][0.553725,0.827202,0.000000][-5.913808,11.932800,13.158243][-0.323958,0.385342,0.864039][0.578947,0.863823,0.000000][-6.242289,7.786957,14.600880][-0.343831,0.275512,0.897705][0.581975,0.825594,0.000000]
[-5.913808,11.932800,13.158243][-0.323958,0.385342,0.864039][0.578947,0.863823,0.000000][-3.178610,7.961356,15.405151][-0.171749,0.289043,0.941783][0.553725,0.827202,0.000000][-3.011873,12.250890,13.809613][-0.161421,0.403640,0.900565][0.552187,0.866757,0.000000]
[-11.436331,7.363162,11.435977][-0.684822,0.244496,0.686469][0.629871,0.821686,0.000000][-9.429358,3.653205,13.996920][-0.535972,0.140515,0.832460][0.611364,0.787476,0.000000][-9.051247,7.517862,13.279178][-0.516507,0.255737,0.817202][0.607877,0.823112,0.000000]
[-9.429358,3.653205,13.996920][-0.535972,0.140515,0.832460][0.611364,0.787476,0.000000][-11.436331,7.363162,11.435977][-0.684822,0.244496,0.686469][0.629871,0.821686,0.000000][-11.967438,3.587498,11.967414][-0.700405,0.135476,0.700771][0.634768,0.786870,0.000000]
[-11.967438,3.587498,11.967414][-0.700405,0.135476,0.700771][0.634768,0.786870,0.000000][-9.565301,0.001697,14.240525][-0.543362,0.002261,0.839495][0.612618,0.753804,0.000000][-9.429358,3.653205,13.996920][-0.535972,0.140515,0.832460][0.611364,0.787476,0.000000]
[-6.496285,3.772961,15.473249][-0.360146,0.150248,0.920717][0.584318,0.788580,0.000000][-9.051247,7.517862,13.279178][-0.516507,0.255737,0.817202][0.607877,0.823112,0.000000][-9.429358,3.653205,13.996920][-0.535972,0.140515,0.832460][0.611364,0.787476,0.000000]
[-9.051247,7.517862,13.279178][-0.516507,0.255737,0.817202][0.607877,0.823112,0.000000][-6.496285,3.772961,15.473249][-0.360146,0.150248,0.920717][0.584318,0.788580,0.000000][-6.242289,7.786957,14.600880][-0.343831,0.275512,0.897705][0.581975,0.825594,0.000000]
[-6.589194,-0.006636,15.768695][-0.366766,0.002263,0.930311][0.585174,0.753727,0.000000][-9.429358,3.653205,13.996920][-0.535972,0.140515,0.832460][0.611364,0.787476,0.000000][-9.565301,0.001697,14.240525][-0.543362,0.002261,0.839495][0.612618,0.753804,0.000000]
[-9.429358,3.653205,13.996920][-0.535972,0.140515,0.832460][0.611364,0.787476,0.000000][-6.589194,-0.006636,15.768695][-0.366766,0.002263,0.930311][0.585174,0.753727,0.000000][-6.496285,3.772961,15.473249][-0.360146,0.150248,0.920717][0.584318,0.788580,0.000000]
[-9.565301,0.001697,14.240525][-0.543362,0.002261,0.839495][0.612618,0.753804,0.000000][-9.446869,-3.451187,14.021920][-0.536481,-0.144717,0.831411][0.611526,0.721964,0.000000][-6.589194,-0.006636,15.768695][-0.366766,0.002263,0.930311][0.585174,0.753727,0.000000]
[-3.309178,3.845296,16.374464][-0.181055,0.157530,0.970775][0.554929,0.789247,0.000000][-6.242289,7.786957,14.600880][-0.343831,0.275512,0.897705][0.581975,0.825594,0.000000][-6.496285,3.772961,15.473249][-0.360146,0.150248,0.920717][0.584318,0.788580,0.000000]
[-6.242289,7.786957,14.600880][-0.343831,0.275512,0.897705][0.581975,0.825594,0.000000][-3.309178,3.845296,16.374464][-0.181055,0.157530,0.970775][0.554929,0.789247,0.000000][-3.178610,7.961356,15.405151][-0.171749,0.289043,0.941783][0.553725,0.827202,0.000000]
[-3.357330,-0.022551,16.703873][-0.185142,0.002108,0.982709][0.555373,0.753581,0.000000][-6.496285,3.772961,15.473249][-0.360146,0.150248,0.920717][0.584318,0.788580,0.000000][-6.589194,-0.006636,15.768695][-0.366766,0.002263,0.930311][0.585174,0.753727,0.000000]
[-6.496285,3.772961,15.473249][-0.360146,0.150248,0.920717][0.584318,0.788580,0.000000][-3.357330,-0.022551,16.703873][-0.185142,0.002108,0.982709][0.555373,0.753581,0.000000][-3.309178,3.845296,16.374464][-0.181055,0.157530,0.970775][0.554929,0.789247,0.000000]
[-6.589194,-0.006636,15.768695][-0.366766,0.002263,0.930311][0.585174,0.753727,0.000000][-9.446869,-3.451187,14.021920][-0.536481,-0.144717,0.831411][0.611526,0.721964,0.000000][-6.509862,-3.587540,15.502618][-0.361482,-0.155575,0.919308][0.584443,0.720707,0.000000]
[-6.589194,-0.006636,15.768695][-0.366766,0.002263,0.930311][0.585174,0.753727,0.000000][-6.509862,-3.587540,15.502618][-0.361482,-0.155575,0.919308][0.584443,0.720707,0.000000][-3.357330,-0.022551,16.703873][-0.185142,0.002108,0.982709][0.555373,0.753581,0.000000]
[-9.446869,-3.451187,14.021920][-0.536481,-0.144717,0.831411][0.611526,0.721964,0.000000][-9.113158,-6.735071,13.365537][-0.514785,-0.283578,0.809061][0.608448,0.691683,0.000000][-6.509862,-3.587540,15.502618][-0.361482,-0.155575,0.919308][0.584443,0.720707,0.000000]
[-6.509862,-3.587540,15.502618][-0.361482,-0.155575,0.919308][0.584443,0.720707,0.000000][-9.113158,-6.735071,13.365537][-0.514785,-0.283578,0.809061][0.608448,0.691683,0.000000][-6.289511,-7.009923,14.699132][-0.344793,-0.307831,0.886769][0.582411,0.689149,0.000000]
[-9.113158,-6.735071,13.365537][-0.514785,-0.283578,0.809061][0.608448,0.691683,0.000000][-8.685118,-9.758676,12.298577][-0.478802,-0.417005,0.772564][0.604501,0.663802,0.000000][-6.289511,-7.009923,14.699132][-0.344793,-0.307831,0.886769][0.582411,0.689149,0.000000]
[-3.357330,-0.022551,16.703873][-0.185142,0.002108,0.982709][0.555373,0.753581,0.000000][-6.509862,-3.587540,15.502618][-0.361482,-0.155575,0.919308][0.584443,0.720707,0.000000][-3.316823,-3.694739,16.406525][-0.182370,-0.164048,0.969448][0.554999,0.719719,0.000000]
[-6.509862,-3.587540,15.502618][-0.361482,-0.155575,0.919308][0.584443,0.720707,0.000000][-6.289511,-7.009923,14.699132][-0.344793,-0.307831,0.886769][0.582411,0.689149,0.000000][-3.316823,-3.694739,16.406525][-0.182370,-0.164048,0.969448][0.554999,0.719719,0.000000]
[0.000000,-0.031514,17.019674][0.000000,0.001988,0.999998][0.524414,0.753498,0.000000][-3.309178,3.845296,16.374464][-0.181055,0.157530,0.970775][0.554929,0.789247,0.000000][-3.357330,-0.022551,16.703873][-0.185142,0.002108,0.982709][0.555373,0.753581,0.000000]
[-3.357330,-0.022551,16.703873][-0.185142,0.002108,0.982709][0.555373,0.753581,0.000000][-3.316823,-3.694739,16.406525][-0.182370,-0.164048,0.969448][0.554999,0.719719,0.000000][0.000000,-0.031514,17.019674][0.000000,0.001988,0.999998][0.524414,0.753498,0.000000]
[-6.289511,-7.009923,14.699132][-0.344793,-0.307831,0.886769][0.582411,0.689149,0.000000][-8.685118,-9.758676,12.298577][-0.478802,-0.417005,0.772564][0.604501,0.663802,0.000000][-6.024469,-10.218881,13.374583][-0.322261,-0.457209,0.828920][0.579967,0.659558,0.000000]
[-8.685118,-9.758676,12.298577][-0.478802,-0.417005,0.772564][0.604501,0.663802,0.000000][-8.424973,-12.236287,10.821974][-0.463171,-0.575925,0.673635][0.602103,0.640955,0.000000][-6.024469,-10.218881,13.374583][-0.322261,-0.457209,0.828920][0.579967,0.659558,0.000000]
[-3.316823,-3.694739,16.406525][-0.182370,-0.164048,0.969448][0.554999,0.719719,0.000000][-6.289511,-7.009923,14.699132][-0.344793,-0.307831,0.886769][0.582411,0.689149,0.000000][-3.204646,-7.218759,15.509562][-0.173600,-0.324821,0.929707][0.553965,0.687223,0.000000]
[-6.289511,-7.009923,14.699132][-0.344793,-0.307831,0.886769][0.582411,0.689149,0.000000][-6.024469,-10.218881,13.374583][-0.322261,-0.457209,0.828920][0.579967,0.659558,0.000000][-3.204646,-7.218759,15.509562][-0.173600,-0.324821,0.929707][0.553965,0.687223,0.000000]
[-3.316823,-3.694739,16.406525][-0.182370,-0.164048,0.969448][0.554999,0.719719,0.000000][-3.204646,-7.218759,15.509562][-0.173600,-0.324821,0.929707][0.553965,0.687223,0.000000][0.000000,-3.732136,16.711535][0.000000,-0.167064,0.985946][0.524414,0.719374,0.000000]
[0.000000,-0.031514,17.019674][0.000000,0.001988,0.999998][0.524414,0.753498,0.000000][-3.316823,-3.694739,16.406525][-0.182370,-0.164048,0.969448][0.554999,0.719719,0.000000][0.000000,-3.732136,16.711535][0.000000,-0.167064,0.985946][0.524414,0.719374,0.000000]
[-6.024469,-10.218881,13.374583][-0.322261,-0.457209,0.828920][0.579967,0.659558,0.000000][-8.424973,-12.236287,10.821974][-0.463171,-0.575925,0.673635][0.602103,0.640955,0.000000][-5.896666,-13.015790,11.527464][-0.315761,-0.615032,0.722516][0.578788,0.633767,0.000000]
[-8.424973,-12.236287,10.821974][-0.463171,-0.575925,0.673635][0.602103,0.640955,0.000000][-6.056822,-15.208498,9.135262][-0.342591,-0.751444,0.563882][0.580265,0.613548,0.000000][-5.896666,-13.015790,11.527464][-0.315761,-0.615032,0.722516][0.578788,0.633767,0.000000]
[-3.204646,-7.218759,15.509562][-0.173600,-0.324821,0.929707][0.553965,0.687223,0.000000][-6.024469,-10.218881,13.374583][-0.322261,-0.457209,0.828920][0.579967,0.659558,0.000000][-3.072911,-10.553305,14.038052][-0.163094,-0.480794,0.861532][0.552750,0.656474,0.000000]
[-6.024469,-10.218881,13.374583][-0.322261,-0.457209,0.828920][0.579967,0.659558,0.000000][-5.896666,-13.015790,11.527464][-0.315761,-0.615032,0.722516][0.578788,0.633767,0.000000][-3.072911,-10.553305,14.038052][-0.163094,-0.480794,0.861532][0.552750,0.656474,0.000000]
[-3.204646,-7.218759,15.509562][-0.173600,-0.324821,0.929707][0.553965,0.687223,0.000000][-3.072911,-10.553305,14.038052][-0.163094,-0.480794,0.861532][0.552750,0.656474,0.000000][0.000000,-7.290134,15.782632][0.000000,-0.330533,0.943795][0.524414,0.686565,0.000000]
[0.000000,-3.732136,16.711535][0.000000,-0.167064,0.985946][0.524414,0.719374,0.000000][-3.204646,-7.218759,15.509562][-0.173600,-0.324821,0.929707][0.553965,0.687223,0.000000][0.000000,-7.290134,15.782632][0.000000,-0.330533,0.943795][0.524414,0.686565,0.000000]
[-3.093457,-15.943671,9.477434][-0.172328,-0.783621,0.596859][0.552939,0.606769,0.000000][-5.896666,-13.015790,11.527464][-0.315761,-0.615032,0.722516][0.578788,0.633767,0.000000][-6.056822,-15.208498,9.135262][-0.342591,-0.751444,0.563882][0.580265,0.613548,0.000000]
[-6.056822,-15.208498,9.135262][-0.342591,-0.751444,0.563882][0.580265,0.613548,0.000000][-3.236820,-17.695131,6.534535][-0.190770,-0.892629,0.408436][0.554261,0.590618,0.000000][-3.093457,-15.943671,9.477434][-0.172328,-0.783621,0.596859][0.552939,0.606769,0.000000]
[-3.072911,-10.553305,14.038052][-0.163094,-0.480794,0.861532][0.552750,0.656474,0.000000][-5.896666,-13.015790,11.527464][-0.315761,-0.615032,0.722516][0.578788,0.633767,0.000000][-3.014871,-13.527294,12.013982][-0.160481,-0.638844,0.752412][0.552215,0.629051,0.000000]
[-5.896666,-13.015790,11.527464][-0.315761,-0.615032,0.722516][0.578788,0.633767,0.000000][-3.093457,-15.943671,9.477434][-0.172328,-0.783621,0.596859][0.552939,0.606769,0.000000][-3.014871,-13.527294,12.013982][-0.160481,-0.638844,0.752412][0.552215,0.629051,0.000000]
[-3.072911,-10.553305,14.038052][-0.163094,-0.480794,0.861532][0.552750,0.656474,0.000000][-3.014871,-13.527294,12.013982][-0.160481,-0.638844,0.752412][0.552215,0.629051,0.000000][0.000000,-10.667439,14.262774][-0.000000,-0.488357,0.872644][0.524414,0.655422,0.000000]
[0.000000,-7.290134,15.782632][0.000000,-0.330533,0.943795][0.524414,0.686565,0.000000][-3.072911,-10.553305,14.038052][-0.163094,-0.480794,0.861532][0.552750,0.656474,0.000000][0.000000,-10.667439,14.262774][-0.000000,-0.488357,0.872644][0.524414,0.655422,0.000000]
[0.000000,-10.667439,14.262774][-0.000000,-0.488357,0.872644][0.524414,0.655422,0.000000][-3.014871,-13.527294,12.013982][-0.160481,-0.638844,0.752412][0.552215,0.629051,0.000000][0.000000,-13.698687,12.184072][-0.000000,-0.646909,0.762567][0.524414,0.627470,0.000000]
[0.000000,-16.184677,9.601050][-0.000000,-0.794300,0.607526][0.524414,0.604546,0.000000][-3.014871,-13.527294,12.013982][-0.160481,-0.638844,0.752412][0.552215,0.629051,0.000000][-3.093457,-15.943671,9.477434][-0.172328,-0.783621,0.596859][0.552939,0.606769,0.000000]
[-3.014871,-13.527294,12.013982][-0.160481,-0.638844,0.752412][0.552215,0.629051,0.000000][0.000000,-16.184677,9.601050][-0.000000,-0.794300,0.607526][0.524414,0.604546,0.000000][0.000000,-13.698687,12.184072][-0.000000,-0.646909,0.762567][0.524414,0.627470,0.000000]
[3.171283,24.580296,0.000004][0.265408,0.963919,0.020447][0.153208,0.981463,0.000000][6.202136,22.884172,-3.022033][0.511022,0.830262,-0.222536][0.124169,0.965212,0.000000][3.136721,24.200495,-3.117462][0.255199,0.932949,-0.253929][0.153540,0.977824,0.000000]
[6.202136,22.884172,-3.022033][0.511022,0.830262,-0.222536][0.124169,0.965212,0.000000][3.171283,24.580296,0.000004][0.265408,0.963919,0.020447][0.153208,0.981463,0.000000][6.273601,23.211491,0.000004][0.527177,0.849574,0.017568][0.123484,0.968348,0.000000]
[3.136721,24.200495,-3.117462][0.255199,0.932949,-0.253929][0.153540,0.977824,0.000000][0.000000,25.000000,0.000004][0.000000,0.999772,0.021373][0.183594,0.985485,0.000000][3.171283,24.580296,0.000004][0.265408,0.963919,0.020447][0.153208,0.981463,0.000000]
[6.273601,23.211491,0.000004][0.527177,0.849574,0.017568][0.123484,0.968348,0.000000][9.094251,20.439602,-2.920224][0.719250,0.670183,-0.183121][0.096458,0.941790,0.000000][6.202136,22.884172,-3.022033][0.511022,0.830262,-0.222536][0.124169,0.965212,0.000000]
[9.094251,20.439602,-2.920224][0.719250,0.670183,-0.183121][0.096458,0.941790,0.000000][6.273601,23.211491,0.000004][0.527177,0.849574,0.017568][0.123484,0.968348,0.000000][9.207635,20.679634,0.000003][0.733981,0.679044,0.013106][0.095372,0.944090,0.000000]
[9.094251,20.439602,-2.920224][0.719250,0.670183,-0.183121][0.096458,0.941790,0.000000][9.207635,20.679634,0.000003][0.733981,0.679044,0.013106][0.095372,0.944090,0.000000][11.834863,17.001165,0.000003][0.856153,0.516656,0.008295][0.070200,0.908845,0.000000]
[9.094251,20.439602,-2.920224][0.719250,0.670183,-0.183121][0.096458,0.941790,0.000000][11.834863,17.001165,0.000003][0.856153,0.516656,0.008295][0.070200,0.908845,0.000000][11.671107,16.863865,-2.896727][0.844483,0.511490,-0.158827][0.071769,0.907529,0.000000]
[11.671107,16.863865,-2.896727][0.844483,0.511490,-0.158827][0.071769,0.907529,0.000000][11.834863,17.001165,0.000003][0.856153,0.516656,0.008295][0.070200,0.908845,0.000000][14.032616,12.576222,0.000002][0.919349,0.393423,0.004098][0.049142,0.866448,0.000000]
[8.779134,19.545443,-5.794011][0.675595,0.637363,-0.370593][0.099478,0.933223,0.000000][6.202136,22.884172,-3.022033][0.511022,0.830262,-0.222536][0.124169,0.965212,0.000000][9.094251,20.439602,-2.920224][0.719250,0.670183,-0.183121][0.096458,0.941790,0.000000]
[8.779134,19.545443,-5.794011][0.675595,0.637363,-0.370593][0.099478,0.933223,0.000000][9.094251,20.439602,-2.920224][0.719250,0.670183,-0.183121][0.096458,0.941790,0.000000][11.671107,16.863865,-2.896727][0.844483,0.511490,-0.158827][0.071769,0.907529,0.000000]
[6.202136,22.884172,-3.022033][0.511022,0.830262,-0.222536][0.124169,0.965212,0.000000][8.779134,19.545443,-5.794011][0.675595,0.637363,-0.370593][0.099478,0.933223,0.000000][6.012777,21.737223,-6.001616][0.459471,0.770127,-0.442481][0.125983,0.954223,0.000000]
[6.012777,21.737223,-6.001616][0.459471,0.770127,-0.442481][0.125983,0.954223,0.000000][3.136721,24.200495,-3.117462][0.255199,0.932949,-0.253929][0.153540,0.977824,0.000000][6.202136,22.884172,-3.022033][0.511022,0.830262,-0.222536][0.124169,0.965212,0.000000]
[8.323503,17.727444,-8.800839][0.649387,0.581351,-0.490232][0.103843,0.915804,0.000000][6.012777,21.737223,-6.001616][0.459471,0.770127,-0.442481][0.125983,0.954223,0.000000][8.779134,19.545443,-5.794011][0.675595,0.637363,-0.370593][0.099478,0.933223,0.000000]
[11.671107,16.863865,-2.896727][0.844483,0.511490,-0.158827][0.071769,0.907529,0.000000][14.032616,12.576222,0.000002][0.919349,0.393423,0.004098][0.049142,0.866448,0.000000][13.811158,12.511810,-3.007653][0.908196,0.387288,-0.158707][0.051264,0.865831,0.000000]
[15.676430,8.068097,0.000001][0.958200,0.286096,0.001279][0.033392,0.823254,0.000000][13.811158,12.511810,-3.007653][0.908196,0.387288,-0.158707][0.051264,0.865831,0.000000][14.032616,12.576222,0.000002][0.919349,0.393423,0.004098][0.049142,0.866448,0.000000]
[8.779134,19.545443,-5.794011][0.675595,0.637363,-0.370593][0.099478,0.933223,0.000000][11.671107,16.863865,-2.896727][0.844483,0.511490,-0.158827][0.071769,0.907529,0.000000][11.206978,16.322874,-5.690104][0.805768,0.494096,-0.326507][0.076216,0.902346,0.000000]
[11.206978,16.322874,-5.690104][0.805768,0.494096,-0.326507][0.076216,0.902346,0.000000][11.671107,16.863865,-2.896727][0.844483,0.511490,-0.158827][0.071769,0.907529,0.000000][13.811158,12.511810,-3.007653][0.908196,0.387288,-0.158707][0.051264,0.865831,0.000000]
[8.323503,17.727444,-8.800839][0.649387,0.581351,-0.490232][0.103843,0.915804,0.000000][8.779134,19.545443,-5.794011][0.675595,0.637363,-0.370593][0.099478,0.933223,0.000000][11.206978,16.322874,-5.690104][0.805768,0.494096,-0.326507][0.076216,0.902346,0.000000]
[13.811158,12.511810,-3.007653][0.908196,0.387288,-0.158707][0.051264,0.865831,0.000000][15.676430,8.068097,0.000001][0.958200,0.286096,0.001279][0.033392,0.823254,0.000000][15.405020,8.031449,-3.177449][0.944464,0.280945,-0.170463][0.035993,0.822903,0.000000]
[16.678566,3.874435,0.000000][0.987334,0.158658,0.000175][0.023790,0.783073,0.000000][15.405020,8.031449,-3.177449][0.944464,0.280945,-0.170463][0.035993,0.822903,0.000000][15.676430,8.068097,0.000001][0.958200,0.286096,0.001279][0.033392,0.823254,0.000000]
[11.206978,16.322874,-5.690104][0.805768,0.494096,-0.326507][0.076216,0.902346,0.000000][13.811158,12.511810,-3.007653][0.908196,0.387288,-0.158707][0.051264,0.865831,0.000000][13.160592,12.216558,-5.908018][0.870939,0.369700,-0.323708][0.057497,0.863002,0.000000]
[13.160592,12.216558,-5.908018][0.870939,0.369700,-0.323708][0.057497,0.863002,0.000000][13.811158,12.511810,-3.007653][0.908196,0.387288,-0.158707][0.051264,0.865831,0.000000][15.405020,8.031449,-3.177449][0.944464,0.280945,-0.170463][0.035993,0.822903,0.000000]
[15.405020,8.031449,-3.177449][0.944464,0.280945,-0.170463][0.035993,0.822903,0.000000][16.678566,3.874435,0.000000][0.987334,0.158658,0.000175][0.023790,0.783073,0.000000][16.374441,3.859808,-3.308991][0.971078,0.155994,-0.180759][0.026704,0.782933,0.000000]
[10.536698,15.309999,-8.209673][0.753937,0.455596,-0.473297][0.082638,0.892641,0.000000][11.206978,16.322874,-5.690104][0.805768,0.494096,-0.326507][0.076216,0.902346,0.000000][13.160592,12.216558,-5.908018][0.870939,0.369700,-0.323708][0.057497,0.863002,0.000000]
[8.323503,17.727444,-8.800839][0.649387,0.581351,-0.490232][0.103843,0.915804,0.000000][11.206978,16.322874,-5.690104][0.805768,0.494096,-0.326507][0.076216,0.902346,0.000000][10.536698,15.309999,-8.209673][0.753937,0.455596,-0.473297][0.082638,0.892641,0.000000]
[13.160592,12.216558,-5.908018][0.870939,0.369700,-0.323708][0.057497,0.863002,0.000000][15.405020,8.031449,-3.177449][0.944464,0.280945,-0.170463][0.035993,0.822903,0.000000][14.601025,7.869782,-6.240809][0.900274,0.267286,-0.343605][0.043696,0.821354,0.000000]
[14.601025,7.869782,-6.240809][0.900274,0.267286,-0.343605][0.043696,0.821354,0.000000][15.405020,8.031449,-3.177449][0.944464,0.280945,-0.170463][0.035993,0.822903,0.000000][16.374441,3.859808,-3.308991][0.971078,0.155994,-0.180759][0.026704,0.782933,0.000000]
[17.019695,-0.028745,-0.000000][0.999998,0.001950,0.000006][0.020522,0.745675,0.000000][16.374441,3.859808,-3.308991][0.971078,0.155994,-0.180759][0.026704,0.782933,0.000000][16.678566,3.874435,0.000000][0.987334,0.158658,0.000175][0.023790,0.783073,0.000000]
[12.109507,11.696548,-8.537814][0.804738,0.337087,-0.488640][0.067568,0.858019,0.000000][13.160592,12.216558,-5.908018][0.870939,0.369700,-0.323708][0.057497,0.863002,0.000000][14.601025,7.869782,-6.240809][0.900274,0.267286,-0.343605][0.043696,0.821354,0.000000]
[10.536698,15.309999,-8.209673][0.753937,0.455596,-0.473297][0.082638,0.892641,0.000000][13.160592,12.216558,-5.908018][0.870939,0.369700,-0.323708][0.057497,0.863002,0.000000][12.109507,11.696548,-8.537814][0.804738,0.337087,-0.488640][0.067568,0.858019,0.000000]
[14.601025,7.869782,-6.240809][0.900274,0.267286,-0.343605][0.043696,0.821354,0.000000][16.374441,3.859808,-3.308991][0.971078,0.155994,-0.180759][0.026704,0.782933,0.000000][15.473357,3.790555,-6.496127][0.921006,0.148625,-0.360081][0.035338,0.782269,0.000000]
[10.536698,15.309999,-8.209673][0.753937,0.455596,-0.473297][0.082638,0.892641,0.000000][8.354020,15.412293,-10.828523][0.710206,0.401382,-0.578360][0.103551,0.893621,0.000000][8.323503,17.727444,-8.800839][0.649387,0.581351,-0.490232][0.103843,0.915804,0.000000]
[14.601025,7.869782,-6.240809][0.900274,0.267286,-0.343605][0.043696,0.821354,0.000000][13.279487,7.594378,-9.050319][0.818537,0.248169,-0.518082][0.056358,0.818715,0.000000][12.109507,11.696548,-8.537814][0.804738,0.337087,-0.488640][0.067568,0.858019,0.000000]
[13.279487,7.594378,-9.050319][0.818537,0.248169,-0.518082][0.056358,0.818715,0.000000][14.601025,7.869782,-6.240809][0.900274,0.267286,-0.343605][0.043696,0.821354,0.000000][15.473357,3.790555,-6.496127][0.921006,0.148625,-0.360081][0.035338,0.782269,0.000000]
[10.536698,15.309999,-8.209673][0.753937,0.455596,-0.473297][0.082638,0.892641,0.000000][12.109507,11.696548,-8.537814][0.804738,0.337087,-0.488640][0.067568,0.858019,0.000000][9.931191,14.218460,-9.921121][0.693627,0.384015,-0.609438][0.088439,0.882183,0.000000]
[8.354020,15.412293,-10.828523][0.710206,0.401382,-0.578360][0.103551,0.893621,0.000000][10.536698,15.309999,-8.209673][0.753937,0.455596,-0.473297][0.082638,0.892641,0.000000][9.931191,14.218460,-9.921121][0.693627,0.384015,-0.609438][0.088439,0.882183,0.000000]
[12.109507,11.696548,-8.537814][0.804738,0.337087,-0.488640][0.067568,0.858019,0.000000][13.279487,7.594378,-9.050319][0.818537,0.248169,-0.518082][0.056358,0.818715,0.000000][10.600913,11.350958,-10.684855][0.689225,0.303118,-0.658094][0.082022,0.854708,0.000000]
[12.109507,11.696548,-8.537814][0.804738,0.337087,-0.488640][0.067568,0.858019,0.000000][10.600913,11.350958,-10.684855][0.689225,0.303118,-0.658094][0.082022,0.854708,0.000000][9.931191,14.218460,-9.921121][0.693627,0.384015,-0.609438][0.088439,0.882183,0.000000]
[15.473357,3.790555,-6.496127][0.921006,0.148625,-0.360081][0.035338,0.782269,0.000000][16.374441,3.859808,-3.308991][0.971078,0.155994,-0.180759][0.026704,0.782933,0.000000][16.703964,-0.019237,-3.357334][0.982719,0.002067,-0.185094][0.023547,0.745766,0.000000]
[16.374441,3.859808,-3.308991][0.971078,0.155994,-0.180759][0.026704,0.782933,0.000000][17.019695,-0.028745,-0.000000][0.999998,0.001950,0.000006][0.020522,0.745675,0.000000][16.703964,-0.019237,-3.357334][0.982719,0.002067,-0.185094][0.023547,0.745766,0.000000]
[13.279487,7.594378,-9.050319][0.818537,0.248169,-0.518082][0.056358,0.818715,0.000000][15.473357,3.790555,-6.496127][0.921006,0.148625,-0.360081][0.035338,0.782269,0.000000][13.997067,3.667453,-9.429344][0.832512,0.138980,-0.536291][0.049483,0.781090,0.000000]
[9.931191,14.218460,-9.921121][0.693627,0.384015,-0.609438][0.088439,0.882183,0.000000][10.600913,11.350958,-10.684855][0.689225,0.303118,-0.658094][0.082022,0.854708,0.000000][7.949132,12.242507,-12.544880][0.574628,0.238459,-0.782905][0.107430,0.863250,0.000000]
[9.931191,14.218460,-9.921121][0.693627,0.384015,-0.609438][0.088439,0.882183,0.000000][7.949132,12.242507,-12.544880][0.574628,0.238459,-0.782905][0.107430,0.863250,0.000000][8.354020,15.412293,-10.828523][0.710206,0.401382,-0.578360][0.103551,0.893621,0.000000]
[13.279487,7.594378,-9.050319][0.818537,0.248169,-0.518082][0.056358,0.818715,0.000000][11.436331,7.421058,-11.435974][0.690764,0.234090,-0.684139][0.074018,0.817055,0.000000][10.600913,11.350958,-10.684855][0.689225,0.303118,-0.658094][0.082022,0.854708,0.000000]
[13.279487,7.594378,-9.050319][0.818537,0.248169,-0.518082][0.056358,0.818715,0.000000][13.997067,3.667453,-9.429344][0.832512,0.138980,-0.536291][0.049483,0.781090,0.000000][11.436331,7.421058,-11.435974][0.690764,0.234090,-0.684139][0.074018,0.817055,0.000000]
[10.600913,11.350958,-10.684855][0.689225,0.303118,-0.658094][0.082022,0.854708,0.000000][11.436331,7.421058,-11.435974][0.690764,0.234090,-0.684139][0.074018,0.817055,0.000000][9.001771,7.607524,-13.321373][0.530534,0.228925,-0.816166][0.097344,0.818841,0.000000]
[9.001771,7.607524,-13.321373][0.530534,0.228925,-0.816166][0.097344,0.818841,0.000000][7.949132,12.242507,-12.544880][0.574628,0.238459,-0.782905][0.107430,0.863250,0.000000][10.600913,11.350958,-10.684855][0.689225,0.303118,-0.658094][0.082022,0.854708,0.000000]
[13.997067,3.667453,-9.429344][0.832512,0.138980,-0.536291][0.049483,0.781090,0.000000][11.967438,3.593593,-11.967413][0.700791,0.133918,-0.700684][0.068929,0.780382,0.000000][11.436331,7.421058,-11.435974][0.690764,0.234090,-0.684139][0.074018,0.817055,0.000000]
[13.997067,3.667453,-9.429344][0.832512,0.138980,-0.536291][0.049483,0.781090,0.000000][15.473357,3.790555,-6.496127][0.921006,0.148625,-0.360081][0.035338,0.782269,0.000000][15.768902,-0.002784,-6.589266][0.930319,0.002223,-0.366746][0.032506,0.745924,0.000000]
[15.473357,3.790555,-6.496127][0.921006,0.148625,-0.360081][0.035338,0.782269,0.000000][16.703964,-0.019237,-3.357334][0.982719,0.002067,-0.185094][0.023547,0.745766,0.000000][15.768902,-0.002784,-6.589266][0.930319,0.002223,-0.366746][0.032506,0.745924,0.000000]
[13.997067,3.667453,-9.429344][0.832512,0.138980,-0.536291][0.049483,0.781090,0.000000][15.768902,-0.002784,-6.589266][0.930319,0.002223,-0.366746][0.032506,0.745924,0.000000][14.240724,0.004385,-9.565406][0.839462,0.002211,-0.543414][0.047148,0.745993,0.000000]
[11.967438,3.593593,-11.967413][0.700791,0.133918,-0.700684][0.068929,0.780382,0.000000][13.997067,3.667453,-9.429344][0.832512,0.138980,-0.536291][0.049483,0.781090,0.000000][14.240724,0.004385,-9.565406][0.839462,0.002211,-0.543414][0.047148,0.745993,0.000000]
[11.436331,7.421058,-11.435974][0.690764,0.234090,-0.684139][0.074018,0.817055,0.000000][11.967438,3.593593,-11.967413][0.700791,0.133918,-0.700684][0.068929,0.780382,0.000000][9.429358,3.659785,-13.996918][0.538005,0.136732,-0.831778][0.093248,0.781016,0.000000]
[9.429358,3.659785,-13.996918][0.538005,0.136732,-0.831778][0.093248,0.781016,0.000000][9.001771,7.607524,-13.321373][0.530534,0.228925,-0.816166][0.097344,0.818841,0.000000][11.436331,7.421058,-11.435974][0.690764,0.234090,-0.684139][0.074018,0.817055,0.000000]
[11.967438,3.593593,-11.967413][0.700791,0.133918,-0.700684][0.068929,0.780382,0.000000][14.240724,0.004385,-9.565406][0.839462,0.002211,-0.543414][0.047148,0.745993,0.000000][12.152841,0.004064,-12.152817][0.707068,0.002169,-0.707143][0.067153,0.745989,0.000000]
[9.429358,3.659785,-13.996918][0.538005,0.136732,-0.831778][0.093248,0.781016,0.000000][11.967438,3.593593,-11.967413][0.700791,0.133918,-0.700684][0.068929,0.780382,0.000000][9.565301,0.001926,-14.240525][0.543539,0.002008,-0.839382][0.091945,0.745969,0.000000]
[11.967438,3.593593,-11.967413][0.700791,0.133918,-0.700684][0.068929,0.780382,0.000000][12.152841,0.004064,-12.152817][0.707068,0.002169,-0.707143][0.067153,0.745989,0.000000][9.565301,0.001926,-14.240525][0.543539,0.002008,-0.839382][0.091945,0.745969,0.000000]
[12.152841,0.004064,-12.152817][0.707068,0.002169,-0.707143][0.067153,0.745989,0.000000][14.240724,0.004385,-9.565406][0.839462,0.002211,-0.543414][0.047148,0.745993,0.000000][11.988329,-3.382144,-11.988233][0.700170,-0.139232,-0.700268][0.068729,0.713545,0.000000]
[9.565301,0.001926,-14.240525][0.543539,0.002008,-0.839382][0.091945,0.745969,0.000000][12.152841,0.004064,-12.152817][0.707068,0.002169,-0.707143][0.067153,0.745989,0.000000][11.988329,-3.382144,-11.988233][0.700170,-0.139232,-0.700268][0.068729,0.713545,0.000000]
[14.240724,0.004385,-9.565406][0.839462,0.002211,-0.543414][0.047148,0.745993,0.000000][15.768902,-0.002784,-6.589266][0.930319,0.002223,-0.366746][0.032506,0.745924,0.000000][14.022214,-3.452446,-9.446838][0.831378,-0.144587,-0.536568][0.049242,0.712871,0.000000]
[14.240724,0.004385,-9.565406][0.839462,0.002211,-0.543414][0.047148,0.745993,0.000000][14.022214,-3.452446,-9.446838][0.831378,-0.144587,-0.536568][0.049242,0.712871,0.000000][11.988329,-3.382144,-11.988233][0.700170,-0.139232,-0.700268][0.068729,0.713545,0.000000]
[0.000000,-17.997702,6.618034][-0.000000,-0.908768,0.417302][0.524414,0.587828,0.000000][-3.093457,-15.943671,9.477434][-0.172328,-0.783621,0.596859][0.552939,0.606769,0.000000][-3.236820,-17.695131,6.534535][-0.190770,-0.892629,0.408436][0.554261,0.590618,0.000000]
[-3.093457,-15.943671,9.477434][-0.172328,-0.783621,0.596859][0.552939,0.606769,0.000000][0.000000,-17.997702,6.618034][-0.000000,-0.908768,0.417302][0.524414,0.587828,0.000000][0.000000,-16.184677,9.601050][-0.000000,-0.794300,0.607526][0.524414,0.604546,0.000000]
[-3.236820,-17.695131,6.534535][-0.190770,-0.892629,0.408436][0.554261,0.590618,0.000000][0.000000,-19.079548,3.372632][-0.000000,-0.977722,0.209904][0.524414,0.577852,0.000000][0.000000,-17.997702,6.618034][-0.000000,-0.908768,0.417302][0.524414,0.587828,0.000000]
[0.000000,-19.079548,3.372632][-0.000000,-0.977722,0.209904][0.524414,0.577852,0.000000][-3.236820,-17.695131,6.534535][-0.190770,-0.892629,0.408436][0.554261,0.590618,0.000000][-3.350804,-18.736914,3.329781][-0.204511,-0.957143,0.205068][0.555313,0.581012,0.000000]
[-3.350804,-18.736914,3.329781][-0.204511,-0.957143,0.205068][0.555313,0.581012,0.000000][0.000000,-19.435513,-0.000003][-0.000000,-1.000000,-0.000000][0.524414,0.574570,0.000000][0.000000,-19.079548,3.372632][-0.000000,-0.977722,0.209904][0.524414,0.577852,0.000000]
[0.000000,-16.184677,9.601050][-0.000000,-0.794300,0.607526][0.524414,0.604546,0.000000][3.014871,-13.527294,12.013982][0.160481,-0.638844,0.752412][0.496613,0.629051,0.000000][0.000000,-13.698687,12.184072][-0.000000,-0.646909,0.762567][0.524414,0.627470,0.000000]
[0.000000,-10.667439,14.262774][-0.000000,-0.488357,0.872644][0.524414,0.655422,0.000000][0.000000,-13.698687,12.184072][-0.000000,-0.646909,0.762567][0.524414,0.627470,0.000000][3.014871,-13.527294,12.013982][0.160481,-0.638844,0.752412][0.496613,0.629051,0.000000]
[0.000000,-17.997702,6.618034][-0.000000,-0.908768,0.417302][0.524414,0.587828,0.000000][3.093457,-15.943671,9.477434][0.172328,-0.783621,0.596859][0.495889,0.606769,0.000000][0.000000,-16.184677,9.601050][-0.000000,-0.794300,0.607526][0.524414,0.604546,0.000000]
[0.000000,-16.184677,9.601050][-0.000000,-0.794300,0.607526][0.524414,0.604546,0.000000][3.093457,-15.943671,9.477434][0.172328,-0.783621,0.596859][0.495889,0.606769,0.000000][3.014871,-13.527294,12.013982][0.160481,-0.638844,0.752412][0.496613,0.629051,0.000000]
[3.072911,-10.553305,14.038052][0.163094,-0.480794,0.861532][0.496078,0.656474,0.000000][0.000000,-10.667439,14.262774][-0.000000,-0.488357,0.872644][0.524414,0.655422,0.000000][3.014871,-13.527294,12.013982][0.160481,-0.638844,0.752412][0.496613,0.629051,0.000000]
[0.000000,-7.290134,15.782632][0.000000,-0.330533,0.943795][0.524414,0.686565,0.000000][0.000000,-10.667439,14.262774][-0.000000,-0.488357,0.872644][0.524414,0.655422,0.000000][3.072911,-10.553305,14.038052][0.163094,-0.480794,0.861532][0.496078,0.656474,0.000000]
[3.093457,-15.943671,9.477434][0.172328,-0.783621,0.596859][0.495889,0.606769,0.000000][5.896666,-13.015790,11.527464][0.315761,-0.615032,0.722517][0.470040,0.633767,0.000000][3.014871,-13.527294,12.013982][0.160481,-0.638844,0.752412][0.496613,0.629051,0.000000]
[3.072911,-10.553305,14.038052][0.163094,-0.480794,0.861532][0.496078,0.656474,0.000000][3.014871,-13.527294,12.013982][0.160481,-0.638844,0.752412][0.496613,0.629051,0.000000][5.896666,-13.015790,11.527464][0.315761,-0.615032,0.722517][0.470040,0.633767,0.000000]
[0.000000,-17.997702,6.618034][-0.000000,-0.908768,0.417302][0.524414,0.587828,0.000000][3.236820,-17.695131,6.534535][0.190771,-0.892629,0.408436][0.494567,0.590618,0.000000][3.093457,-15.943671,9.477434][0.172328,-0.783621,0.596859][0.495889,0.606769,0.000000]
[0.000000,-19.079548,3.372632][-0.000000,-0.977722,0.209904][0.524414,0.577852,0.000000][3.236820,-17.695131,6.534535][0.190771,-0.892629,0.408436][0.494567,0.590618,0.000000][0.000000,-17.997702,6.618034][-0.000000,-0.908768,0.417302][0.524414,0.587828,0.000000]
[3.093457,-15.943671,9.477434][0.172328,-0.783621,0.596859][0.495889,0.606769,0.000000][6.056822,-15.208498,9.135262][0.342591,-0.751444,0.563882][0.468563,0.613548,0.000000][5.896666,-13.015790,11.527464][0.315761,-0.615032,0.722517][0.470040,0.633767,0.000000]
[3.236820,-17.695131,6.534535][0.190771,-0.892629,0.408436][0.494567,0.590618,0.000000][6.056822,-15.208498,9.135262][0.342591,-0.751444,0.563882][0.468563,0.613548,0.000000][3.093457,-15.943671,9.477434][0.172328,-0.783621,0.596859][0.495889,0.606769,0.000000]
[0.000000,-19.079548,3.372632][-0.000000,-0.977722,0.209904][0.524414,0.577852,0.000000][3.350804,-18.736914,3.329781][0.204511,-0.957143,0.205068][0.493516,0.581012,0.000000][3.236820,-17.695131,6.534535][0.190771,-0.892629,0.408436][0.494567,0.590618,0.000000]
[0.000000,-19.435513,-0.000003][-0.000000,-1.000000,-0.000000][0.524414,0.574570,0.000000][3.350804,-18.736914,3.329781][0.204511,-0.957143,0.205068][0.493516,0.581012,0.000000][0.000000,-19.079548,3.372632][-0.000000,-0.977722,0.209904][0.524414,0.577852,0.000000]
[0.000000,-19.435513,-0.000003][-0.000000,-1.000000,-0.000000][0.524414,0.574570,0.000000][3.391316,-19.079264,-0.000003][0.209236,-0.977865,-0.000000][0.493142,0.577855,0.000000][3.350804,-18.736914,3.329781][0.204511,-0.957143,0.205068][0.493516,0.581012,0.000000]
[3.350804,-18.736914,3.329781][0.204511,-0.957143,0.205068][0.493516,0.581012,0.000000][6.340833,-16.772139,6.307228][0.381436,-0.841867,0.381794][0.465944,0.599129,0.000000][3.236820,-17.695131,6.534535][0.190771,-0.892629,0.408436][0.494567,0.590618,0.000000]
[3.236820,-17.695131,6.534535][0.190771,-0.892629,0.408436][0.494567,0.590618,0.000000][6.340833,-16.772139,6.307228][0.381436,-0.841867,0.381794][0.465944,0.599129,0.000000][6.056822,-15.208498,9.135262][0.342591,-0.751444,0.563882][0.468563,0.613548,0.000000]
[3.391316,-19.079264,-0.000003][0.209236,-0.977865,-0.000000][0.493142,0.577855,0.000000][6.565163,-17.695131,3.213786][0.408127,-0.892712,0.191043][0.463875,0.590618,0.000000][3.350804,-18.736914,3.329781][0.204511,-0.957143,0.205068][0.493516,0.581012,0.000000]
[3.350804,-18.736914,3.329781][0.204511,-0.957143,0.205068][0.493516,0.581012,0.000000][6.565163,-17.695131,3.213786][0.408127,-0.892712,0.191043][0.463875,0.590618,0.000000][6.340833,-16.772139,6.307228][0.381436,-0.841867,0.381794][0.465944,0.599129,0.000000]
[3.391316,-19.079264,-0.000003][0.209236,-0.977865,-0.000000][0.493142,0.577855,0.000000][6.645216,-17.997353,-0.000003][0.416996,-0.908908,-0.000000][0.463137,0.587831,0.000000][6.565163,-17.695131,3.213786][0.408127,-0.892712,0.191043][0.463875,0.590618,0.000000]
[6.645216,-17.997353,-0.000003][0.416996,-0.908908,-0.000000][0.463137,0.587831,0.000000][9.502525,-15.945655,3.074940][0.597421,-0.783206,0.172270][0.436789,0.606750,0.000000][6.565163,-17.695131,3.213786][0.408127,-0.892712,0.191043][0.463875,0.590618,0.000000]
[6.645216,-17.997353,-0.000003][0.416996,-0.908908,-0.000000][0.463137,0.587831,0.000000][9.623117,-16.186113,-0.000003][0.608203,-0.793781,-0.000000][0.435677,0.604533,0.000000][9.502525,-15.945655,3.074940][0.597421,-0.783206,0.172270][0.436789,0.606750,0.000000]
[6.565163,-17.695131,3.213786][0.408127,-0.892712,0.191043][0.463875,0.590618,0.000000][9.163065,-15.210741,6.029811][0.563989,-0.751189,0.342975][0.439919,0.613527,0.000000][6.340833,-16.772139,6.307228][0.381436,-0.841867,0.381794][0.465944,0.599129,0.000000]
[6.565163,-17.695131,3.213786][0.408127,-0.892712,0.191043][0.463875,0.590618,0.000000][9.502525,-15.945655,3.074940][0.597421,-0.783206,0.172270][0.436789,0.606750,0.000000][9.163065,-15.210741,6.029811][0.563989,-0.751189,0.342975][0.439919,0.613527,0.000000]
[6.340833,-16.772139,6.307228][0.381436,-0.841867,0.381794][0.465944,0.599129,0.000000][8.715717,-13.972720,8.693306][0.508309,-0.694779,0.508826][0.444045,0.624943,0.000000][6.056822,-15.208498,9.135262][0.342591,-0.751444,0.563882][0.468563,0.613548,0.000000]
[6.340833,-16.772139,6.307228][0.381436,-0.841867,0.381794][0.465944,0.599129,0.000000][9.163065,-15.210741,6.029811][0.563989,-0.751189,0.342975][0.439919,0.613527,0.000000][8.715717,-13.972720,8.693306][0.508309,-0.694779,0.508826][0.444045,0.624943,0.000000]
[6.056822,-15.208498,9.135262][0.342591,-0.751444,0.563882][0.468563,0.613548,0.000000][8.715717,-13.972720,8.693306][0.508309,-0.694779,0.508826][0.444045,0.624943,0.000000][8.424973,-12.236287,10.821974][0.463171,-0.575925,0.673635][0.446726,0.640955,0.000000]
[6.056822,-15.208498,9.135262][0.342591,-0.751444,0.563882][0.468563,0.613548,0.000000][8.424973,-12.236287,10.821974][0.463171,-0.575925,0.673635][0.446726,0.640955,0.000000][5.896666,-13.015790,11.527464][0.315761,-0.615032,0.722517][0.470040,0.633767,0.000000]
[9.623117,-16.186113,-0.000003][0.608203,-0.793781,-0.000000][0.435677,0.604533,0.000000][12.026911,-13.532312,3.004895][0.753344,-0.637803,0.160247][0.413511,0.629004,0.000000][9.502525,-15.945655,3.074940][0.597421,-0.783206,0.172270][0.436789,0.606750,0.000000]
[9.623117,-16.186113,-0.000003][0.608203,-0.793781,-0.000000][0.435677,0.604533,0.000000][12.195167,-13.702940,-0.000002][0.763572,-0.645723,-0.000000][0.411960,0.627431,0.000000][12.026911,-13.532312,3.004895][0.753344,-0.637803,0.160247][0.413511,0.629004,0.000000]
[14.266287,-10.672859,-0.000002][0.873244,-0.487284,-0.000000][0.392862,0.655372,0.000000][12.026911,-13.532312,3.004895][0.753344,-0.637803,0.160247][0.413511,0.629004,0.000000][12.195167,-13.702940,-0.000002][0.763572,-0.645723,-0.000000][0.411960,0.627431,0.000000]
[9.502525,-15.945655,3.074940][0.597421,-0.783206,0.172270][0.436789,0.606750,0.000000][12.026911,-13.532312,3.004895][0.753344,-0.637803,0.160247][0.413511,0.629004,0.000000][11.542194,-13.021365,5.882140][0.723026,-0.614285,0.316049][0.417981,0.633716,0.000000]
[9.502525,-15.945655,3.074940][0.597421,-0.783206,0.172270][0.436789,0.606750,0.000000][11.542194,-13.021365,5.882140][0.723026,-0.614285,0.316049][0.417981,0.633716,0.000000][9.163065,-15.210741,6.029811][0.563989,-0.751189,0.342975][0.439919,0.613527,0.000000]
[14.266287,-10.672859,-0.000002][0.873244,-0.487284,-0.000000][0.392862,0.655372,0.000000][14.042366,-10.559535,3.069352][0.862125,-0.479797,0.162899][0.394926,0.656417,0.000000][12.026911,-13.532312,3.004895][0.753344,-0.637803,0.160247][0.413511,0.629004,0.000000]
[14.042366,-10.559535,3.069352][0.862125,-0.479797,0.162899][0.394926,0.656417,0.000000][11.542194,-13.021365,5.882140][0.723026,-0.614285,0.316049][0.417981,0.633716,0.000000][12.026911,-13.532312,3.004895][0.753344,-0.637803,0.160247][0.413511,0.629004,0.000000]
[15.783306,-7.294492,-0.000001][0.944002,-0.329940,-0.000000][0.378873,0.686525,0.000000][14.042366,-10.559535,3.069352][0.862125,-0.479797,0.162899][0.394926,0.656417,0.000000][14.266287,-10.672859,-0.000002][0.873244,-0.487284,-0.000000][0.392862,0.655372,0.000000]
[9.163065,-15.210741,6.029811][0.563989,-0.751189,0.342975][0.439919,0.613527,0.000000][11.542194,-13.021365,5.882140][0.723026,-0.614285,0.316049][0.417981,0.633716,0.000000][10.834143,-12.239689,8.412798][0.673422,-0.575521,0.463981][0.424510,0.640924,0.000000]
[10.834143,-12.239689,8.412798][0.673422,-0.575521,0.463981][0.424510,0.640924,0.000000][8.715717,-13.972720,8.693306][0.508309,-0.694779,0.508826][0.444045,0.624943,0.000000][9.163065,-15.210741,6.029811][0.563989,-0.751189,0.342975][0.439919,0.613527,0.000000]
[14.042366,-10.559535,3.069352][0.862125,-0.479797,0.162899][0.394926,0.656417,0.000000][13.379761,-10.225690,6.019347][0.829296,-0.456408,0.322429][0.401036,0.659495,0.000000][11.542194,-13.021365,5.882140][0.723026,-0.614285,0.316049][0.417981,0.633716,0.000000]
[13.379761,-10.225690,6.019347][0.829296,-0.456408,0.322429][0.401036,0.659495,0.000000][10.834143,-12.239689,8.412798][0.673422,-0.575521,0.463981][0.424510,0.640924,0.000000][11.542194,-13.021365,5.882140][0.723026,-0.614285,0.316049][0.417981,0.633716,0.000000]
[15.783306,-7.294492,-0.000001][0.944002,-0.329940,-0.000000][0.378873,0.686525,0.000000][15.510513,-7.223724,3.203815][0.929924,-0.324251,0.173499][0.381388,0.687177,0.000000][14.042366,-10.559535,3.069352][0.862125,-0.479797,0.162899][0.394926,0.656417,0.000000]
[15.510513,-7.223724,3.203815][0.929924,-0.324251,0.173499][0.381388,0.687177,0.000000][13.379761,-10.225690,6.019347][0.829296,-0.456408,0.322429][0.401036,0.659495,0.000000][14.042366,-10.559535,3.069352][0.862125,-0.479797,0.162899][0.394926,0.656417,0.000000]
[16.711605,-3.733768,-0.000001][0.985988,-0.166818,-0.000000][0.370313,0.719359,0.000000][15.510513,-7.223724,3.203815][0.929924,-0.324251,0.173499][0.381388,0.687177,0.000000][15.783306,-7.294492,-0.000001][0.944002,-0.329940,-0.000000][0.378873,0.686525,0.000000]
[8.715717,-13.972720,8.693306][0.508309,-0.694779,0.508826][0.444045,0.624943,0.000000][10.834143,-12.239689,8.412798][0.673422,-0.575521,0.463981][0.424510,0.640924,0.000000][10.146316,-11.456539,10.138326][0.605395,-0.515972,0.606028][0.430853,0.648145,0.000000]
[8.715717,-13.972720,8.693306][0.508309,-0.694779,0.508826][0.444045,0.624943,0.000000][10.146316,-11.456539,10.138326][0.605395,-0.515972,0.606028][0.430853,0.648145,0.000000][8.424973,-12.236287,10.821974][0.463171,-0.575925,0.673635][0.446726,0.640955,0.000000]
[13.379761,-10.225690,6.019347][0.829296,-0.456408,0.322429][0.401036,0.659495,0.000000][12.302920,-9.763188,8.680891][0.772476,-0.416498,0.479385][0.410966,0.663760,0.000000][10.834143,-12.239689,8.412798][0.673422,-0.575521,0.463981][0.424510,0.640924,0.000000]
[12.302920,-9.763188,8.680891][0.772476,-0.416498,0.479385][0.410966,0.663760,0.000000][10.146316,-11.456539,10.138326][0.605395,-0.515972,0.606028][0.430853,0.648145,0.000000][10.834143,-12.239689,8.412798][0.673422,-0.575521,0.463981][0.424510,0.640924,0.000000]
[15.510513,-7.223724,3.203815][0.929924,-0.324251,0.173499][0.381388,0.687177,0.000000][14.700417,-7.015301,6.288369][0.886904,-0.307357,0.344866][0.388858,0.689099,0.000000][13.379761,-10.225690,6.019347][0.829296,-0.456408,0.322429][0.401036,0.659495,0.000000]
[14.700417,-7.015301,6.288369][0.886904,-0.307357,0.344866][0.388858,0.689099,0.000000][12.302920,-9.763188,8.680891][0.772476,-0.416498,0.479385][0.410966,0.663760,0.000000][13.379761,-10.225690,6.019347][0.829296,-0.456408,0.322429][0.401036,0.659495,0.000000]
[16.711605,-3.733768,-0.000001][0.985988,-0.166818,-0.000000][0.370313,0.719359,0.000000][16.406704,-3.696539,3.316720][0.969498,-0.163800,0.182326][0.373124,0.719702,0.000000][15.510513,-7.223724,3.203815][0.929924,-0.324251,0.173499][0.381388,0.687177,0.000000]
[16.406704,-3.696539,3.316720][0.969498,-0.163800,0.182326][0.373124,0.719702,0.000000][14.700417,-7.015301,6.288369][0.886904,-0.307357,0.344866][0.388858,0.689099,0.000000][15.510513,-7.223724,3.203815][0.929924,-0.324251,0.173499][0.381388,0.687177,0.000000]
[17.019695,-0.028745,-0.000000][0.999998,0.001950,0.000006][0.367472,0.753523,0.000000][16.406704,-3.696539,3.316720][0.969498,-0.163800,0.182326][0.373124,0.719702,0.000000][16.711605,-3.733768,-0.000001][0.985988,-0.166818,-0.000000][0.370313,0.719359,0.000000]
[14.700417,-7.015301,6.288369][0.886904,-0.307357,0.344866][0.388858,0.689099,0.000000][13.366624,-6.738676,9.112283][0.808975,-0.283304,0.515071][0.401158,0.691650,0.000000][12.302920,-9.763188,8.680891][0.772476,-0.416498,0.479385][0.410966,0.663760,0.000000]
[12.302920,-9.763188,8.680891][0.772476,-0.416498,0.479385][0.410966,0.663760,0.000000][10.816302,-9.458010,10.813252][0.650733,-0.390331,0.651297][0.424675,0.666574,0.000000][10.146316,-11.456539,10.138326][0.605395,-0.515972,0.606028][0.430853,0.648145,0.000000]
[10.816302,-9.458010,10.813252][0.650733,-0.390331,0.651297][0.424675,0.666574,0.000000][12.302920,-9.763188,8.680891][0.772476,-0.416498,0.479385][0.410966,0.663760,0.000000][13.366624,-6.738676,9.112283][0.808975,-0.283304,0.515071][0.401158,0.691650,0.000000]
[10.816302,-9.458010,10.813252][0.650733,-0.390331,0.651297][0.424675,0.666574,0.000000][8.685119,-9.758676,12.298577][0.478802,-0.417005,0.772564][0.444327,0.663802,0.000000][10.146316,-11.456539,10.138326][0.605395,-0.515972,0.606028][0.430853,0.648145,0.000000]
[8.685119,-9.758676,12.298577][0.478802,-0.417005,0.772564][0.444327,0.663802,0.000000][8.424973,-12.236287,10.821974][0.463171,-0.575925,0.673635][0.446726,0.640955,0.000000][10.146316,-11.456539,10.138326][0.605395,-0.515972,0.606028][0.430853,0.648145,0.000000]
[16.406704,-3.696539,3.316720][0.969498,-0.163800,0.182326][0.373124,0.719702,0.000000][15.502949,-3.589424,6.509769][0.919343,-0.155356,0.361487][0.381458,0.720690,0.000000][14.700417,-7.015301,6.288369][0.886904,-0.307357,0.344866][0.388858,0.689099,0.000000]
[15.502949,-3.589424,6.509769][0.919343,-0.155356,0.361487][0.381458,0.720690,0.000000][13.366624,-6.738676,9.112283][0.808975,-0.283304,0.515071][0.401158,0.691650,0.000000][14.700417,-7.015301,6.288369][0.886904,-0.307357,0.344866][0.388858,0.689099,0.000000]
[17.019695,-0.028745,-0.000000][0.999998,0.001950,0.000006][0.367472,0.753523,0.000000][16.703964,-0.019279,3.357334][0.982716,0.002089,0.185109][0.370383,0.753611,0.000000][16.406704,-3.696539,3.316720][0.969498,-0.163800,0.182326][0.373124,0.719702,0.000000]
[16.703964,-0.019279,3.357334][0.982716,0.002089,0.185109][0.370383,0.753611,0.000000][15.502949,-3.589424,6.509769][0.919343,-0.155356,0.361487][0.381458,0.720690,0.000000][16.406704,-3.696539,3.316720][0.969498,-0.163800,0.182326][0.373124,0.719702,0.000000]
[17.019695,-0.028745,-0.000000][0.999998,0.001950,0.000006][0.367472,0.753523,0.000000][16.374441,3.858016,3.308992][0.970928,0.156463,0.181160][0.373422,0.789364,0.000000][16.703964,-0.019279,3.357334][0.982716,0.002089,0.185109][0.370383,0.753611,0.000000]
[16.374441,3.858016,3.308992][0.970928,0.156463,0.181160][0.373422,0.789364,0.000000][17.019695,-0.028745,-0.000000][0.999998,0.001950,0.000006][0.367472,0.753523,0.000000][16.678566,3.874435,0.000000][0.987334,0.158658,0.000175][0.370617,0.789515,0.000000]
[16.703964,-0.019279,3.357334][0.982716,0.002089,0.185109][0.370383,0.753611,0.000000][15.768902,-0.002983,6.589266][0.930313,0.002265,0.366759][0.379006,0.753761,0.000000][15.502949,-3.589424,6.509769][0.919343,-0.155356,0.361487][0.381458,0.720690,0.000000]
[16.374441,3.858016,3.308992][0.970928,0.156463,0.181160][0.373422,0.789364,0.000000][15.473357,3.785751,6.496129][0.920732,0.149529,0.360408][0.381731,0.788698,0.000000][16.703964,-0.019279,3.357334][0.982716,0.002089,0.185109][0.370383,0.753611,0.000000]
[15.473357,3.785751,6.496129][0.920732,0.149529,0.360408][0.381731,0.788698,0.000000][15.768902,-0.002983,6.589266][0.930313,0.002265,0.366759][0.379006,0.753761,0.000000][16.703964,-0.019279,3.357334][0.982716,0.002089,0.185109][0.370383,0.753611,0.000000]
[15.405020,8.013807,3.177451][0.943304,0.283063,0.173358][0.382361,0.827686,0.000000][16.374441,3.858016,3.308992][0.970928,0.156463,0.181160][0.373422,0.789364,0.000000][16.678566,3.874435,0.000000][0.987334,0.158658,0.000175][0.370617,0.789515,0.000000]
[15.676430,8.068097,0.000001][0.958200,0.286096,0.001279][0.379858,0.828186,0.000000][15.405020,8.013807,3.177451][0.943304,0.283063,0.173358][0.382361,0.827686,0.000000][16.678566,3.874435,0.000000][0.987334,0.158658,0.000175][0.370617,0.789515,0.000000]
[14.601022,7.828600,6.240811][0.898056,0.271483,0.346111][0.389775,0.825978,0.000000][15.473357,3.785751,6.496129][0.920732,0.149529,0.360408][0.381731,0.788698,0.000000][16.374441,3.858016,3.308992][0.970928,0.156463,0.181160][0.373422,0.789364,0.000000]
[15.405020,8.013807,3.177451][0.943304,0.283063,0.173358][0.382361,0.827686,0.000000][14.601022,7.828600,6.240811][0.898056,0.271483,0.346111][0.389775,0.825978,0.000000][16.374441,3.858016,3.308992][0.970928,0.156463,0.181160][0.373422,0.789364,0.000000]
[13.811158,12.447434,3.007657][0.905189,0.390219,0.168410][0.397058,0.868569,0.000000][15.405020,8.013807,3.177451][0.943304,0.283063,0.173358][0.382361,0.827686,0.000000][15.676430,8.068097,0.000001][0.958200,0.286096,0.001279][0.379858,0.828186,0.000000]
[14.032616,12.576222,0.000002][0.919349,0.393423,0.004098][0.395016,0.869757,0.000000][13.811158,12.447434,3.007657][0.905189,0.390219,0.168410][0.397058,0.868569,0.000000][15.676430,8.068097,0.000001][0.958200,0.286096,0.001279][0.379858,0.828186,0.000000]
[13.160591,12.068163,5.908021][0.864638,0.375998,0.333207][0.403057,0.865072,0.000000][14.601022,7.828600,6.240811][0.898056,0.271483,0.346111][0.389775,0.825978,0.000000][15.405020,8.013807,3.177451][0.943304,0.283063,0.173358][0.382361,0.827686,0.000000]
[13.811158,12.447434,3.007657][0.905189,0.390219,0.168410][0.397058,0.868569,0.000000][13.160591,12.068163,5.908021][0.864638,0.375998,0.333207][0.403057,0.865072,0.000000][15.405020,8.013807,3.177451][0.943304,0.283063,0.173358][0.382361,0.827686,0.000000]
[11.671107,16.768536,2.896732][0.839687,0.512672,0.179146][0.416792,0.908415,0.000000][13.811158,12.447434,3.007657][0.905189,0.390219,0.168410][0.397058,0.868569,0.000000][14.032616,12.576222,0.000002][0.919349,0.393423,0.004098][0.395016,0.869757,0.000000]
[11.834863,17.001165,0.000003][0.856153,0.516656,0.008295][0.415282,0.910560,0.000000][11.671107,16.768536,2.896732][0.839687,0.512672,0.179146][0.416792,0.908415,0.000000][14.032616,12.576222,0.000002][0.919349,0.393423,0.004098][0.395016,0.869757,0.000000]
[11.206978,16.083933,5.690109][0.793627,0.497293,0.350509][0.421072,0.902102,0.000000][13.160591,12.068163,5.908021][0.864638,0.375998,0.333207][0.403057,0.865072,0.000000][13.811158,12.447434,3.007657][0.905189,0.390219,0.168410][0.397058,0.868569,0.000000]
[11.671107,16.768536,2.896732][0.839687,0.512672,0.179146][0.416792,0.908415,0.000000][11.206978,16.083933,5.690109][0.793627,0.497293,0.350509][0.421072,0.902102,0.000000][13.811158,12.447434,3.007657][0.905189,0.390219,0.168410][0.397058,0.868569,0.000000]
[9.094252,20.324690,2.920230][0.712428,0.667792,0.215639][0.440554,0.941207,0.000000][11.671107,16.768536,2.896732][0.839687,0.512672,0.179146][0.416792,0.908415,0.000000][11.834863,17.001165,0.000003][0.856153,0.516656,0.008295][0.415282,0.910560,0.000000]
[9.207635,20.679634,0.000003][0.733981,0.679044,0.013106][0.439508,0.944480,0.000000][9.094252,20.324690,2.920230][0.712428,0.667792,0.215639][0.440554,0.941207,0.000000][11.834863,17.001165,0.000003][0.856153,0.516656,0.008295][0.415282,0.910560,0.000000]
[6.273601,23.211491,0.000004][0.527177,0.849574,0.017568][0.466564,0.967827,0.000000][9.094252,20.324690,2.920230][0.712428,0.667792,0.215639][0.440554,0.941207,0.000000][9.207635,20.679634,0.000003][0.733981,0.679044,0.013106][0.439508,0.944480,0.000000]
[9.094252,20.324690,2.920230][0.712428,0.667792,0.215639][0.440554,0.941207,0.000000][6.273601,23.211491,0.000004][0.527177,0.849574,0.017568][0.466564,0.967827,0.000000][6.202136,22.755846,3.022039][0.505103,0.821710,0.263938][0.467223,0.963625,0.000000]
[9.094252,20.324690,2.920230][0.712428,0.667792,0.215639][0.440554,0.941207,0.000000][8.784393,19.264874,5.760875][0.653096,0.632029,0.417138][0.443411,0.931434,0.000000][11.671107,16.768536,2.896732][0.839687,0.512672,0.179146][0.416792,0.908415,0.000000]
[6.202136,22.755846,3.022039][0.505103,0.821710,0.263938][0.467223,0.963625,0.000000][8.784393,19.264874,5.760875][0.653096,0.632029,0.417138][0.443411,0.931434,0.000000][9.094252,20.324690,2.920230][0.712428,0.667792,0.215639][0.440554,0.941207,0.000000]
[8.784393,19.264874,5.760875][0.653096,0.632029,0.417138][0.443411,0.931434,0.000000][11.206978,16.083933,5.690109][0.793627,0.497293,0.350509][0.421072,0.902102,0.000000][11.671107,16.768536,2.896732][0.839687,0.512672,0.179146][0.416792,0.908415,0.000000]
[8.784393,19.264874,5.760875][0.653096,0.632029,0.417138][0.443411,0.931434,0.000000][6.202136,22.755846,3.022039][0.505103,0.821710,0.263938][0.467223,0.963625,0.000000][6.009661,21.399305,5.979257][0.448208,0.743447,0.496383][0.468998,0.951116,0.000000]
[6.009661,21.399305,5.979257][0.448208,0.743447,0.496383][0.468998,0.951116,0.000000][8.397758,17.433601,8.377868][0.565814,0.572883,0.593009][0.446977,0.914548,0.000000][8.784393,19.264874,5.760875][0.653096,0.632029,0.417138][0.443411,0.931434,0.000000]
[8.784393,19.264874,5.760875][0.653096,0.632029,0.417138][0.443411,0.931434,0.000000][8.397758,17.433601,8.377868][0.565814,0.572883,0.593009][0.446977,0.914548,0.000000][11.206978,16.083933,5.690109][0.793627,0.497293,0.350509][0.421072,0.902102,0.000000]
[8.397758,17.433601,8.377868][0.565814,0.572883,0.593009][0.446977,0.914548,0.000000][6.009661,21.399305,5.979257][0.448208,0.743447,0.496383][0.468998,0.951116,0.000000][5.786583,19.062441,8.761133][0.376089,0.631476,0.678081][0.471055,0.929567,0.000000]
[10.541958,14.981172,8.176535][0.721335,0.469362,0.509288][0.427204,0.891933,0.000000][11.206978,16.083933,5.690109][0.793627,0.497293,0.350509][0.421072,0.902102,0.000000][8.397758,17.433601,8.377868][0.565814,0.572883,0.593009][0.446977,0.914548,0.000000]
[11.206978,16.083933,5.690109][0.793627,0.497293,0.350509][0.421072,0.902102,0.000000][10.541958,14.981172,8.176535][0.721335,0.469362,0.509288][0.427204,0.891933,0.000000][13.160591,12.068163,5.908021][0.864638,0.375998,0.333207][0.403057,0.865072,0.000000]
[8.397758,17.433601,8.377868][0.565814,0.572883,0.593009][0.446977,0.914548,0.000000][5.786583,19.062441,8.761133][0.376089,0.631476,0.678081][0.471055,0.929567,0.000000][5.704968,15.838892,11.196637][0.326355,0.505244,0.798887][0.471807,0.899842,0.000000]
[5.786583,19.062441,8.761133][0.376089,0.631476,0.678081][0.471055,0.929567,0.000000][2.907304,16.379740,11.662639][0.160789,0.523072,0.836984][0.497605,0.904830,0.000000][5.704968,15.838892,11.196637][0.326355,0.505244,0.798887][0.471807,0.899842,0.000000]
[10.541958,14.981172,8.176535][0.721335,0.469362,0.509288][0.427204,0.891933,0.000000][8.397758,17.433601,8.377868][0.565814,0.572883,0.593009][0.446977,0.914548,0.000000][8.188123,14.889694,10.532641][0.489818,0.473397,0.732102][0.448910,0.891090,0.000000]
[8.397758,17.433601,8.377868][0.565814,0.572883,0.593009][0.446977,0.914548,0.000000][5.704968,15.838892,11.196637][0.326355,0.505244,0.798887][0.471807,0.899842,0.000000][8.188123,14.889694,10.532641][0.489818,0.473397,0.732102][0.448910,0.891090,0.000000]
[10.541958,14.981172,8.176535][0.721335,0.469362,0.509288][0.427204,0.891933,0.000000][12.109506,11.491868,8.537817][0.796040,0.348751,0.494664][0.412750,0.859757,0.000000][13.160591,12.068163,5.908021][0.864638,0.375998,0.333207][0.403057,0.865072,0.000000]
[13.160591,12.068163,5.908021][0.864638,0.375998,0.333207][0.403057,0.865072,0.000000][12.109506,11.491868,8.537817][0.796040,0.348751,0.494664][0.412750,0.859757,0.000000][14.601022,7.828600,6.240811][0.898056,0.271483,0.346111][0.389775,0.825978,0.000000]
[10.541958,14.981172,8.176535][0.721335,0.469362,0.509288][0.427204,0.891933,0.000000][8.188123,14.889694,10.532641][0.489818,0.473397,0.732102][0.448910,0.891090,0.000000][9.902091,13.848424,9.895437][0.637049,0.418326,0.647434][0.433105,0.881488,0.000000]
[12.109506,11.491868,8.537817][0.796040,0.348751,0.494664][0.412750,0.859757,0.000000][10.541958,14.981172,8.176535][0.721335,0.469362,0.509288][0.427204,0.891933,0.000000][9.902091,13.848424,9.895437][0.637049,0.418326,0.647434][0.433105,0.881488,0.000000]
[5.704968,15.838892,11.196637][0.326355,0.505244,0.798887][0.471807,0.899842,0.000000][2.907304,16.379740,11.662639][0.160789,0.523072,0.836984][0.497605,0.904830,0.000000][3.011873,12.250890,13.809613][0.161421,0.403640,0.900565][0.496641,0.866757,0.000000]
[2.907304,16.379740,11.662639][0.160789,0.523072,0.836984][0.497605,0.904830,0.000000][0.000000,12.345095,14.031584][-0.000000,0.409289,0.912405][0.524414,0.867625,0.000000][3.011873,12.250890,13.809613][0.161421,0.403640,0.900565][0.496641,0.866757,0.000000]
[8.188123,14.889694,10.532641][0.489818,0.473397,0.732102][0.448910,0.891090,0.000000][5.704968,15.838892,11.196637][0.326355,0.505244,0.798887][0.471807,0.899842,0.000000][5.913808,11.932800,13.158243][0.323958,0.385342,0.864039][0.469882,0.863823,0.000000]
[5.704968,15.838892,11.196637][0.326355,0.505244,0.798887][0.471807,0.899842,0.000000][3.011873,12.250890,13.809613][0.161421,0.403640,0.900565][0.496641,0.866757,0.000000][5.913808,11.932800,13.158243][0.323958,0.385342,0.864039][0.469882,0.863823,0.000000]
[8.188123,14.889694,10.532641][0.489818,0.473397,0.732102][0.448910,0.891090,0.000000][8.542095,11.430770,12.107081][0.486754,0.353370,0.798874][0.445646,0.859194,0.000000][9.902091,13.848424,9.895437][0.637049,0.418326,0.647434][0.433105,0.881488,0.000000]
[8.188123,14.889694,10.532641][0.489818,0.473397,0.732102][0.448910,0.891090,0.000000][5.913808,11.932800,13.158243][0.323958,0.385342,0.864039][0.469882,0.863823,0.000000][8.542095,11.430770,12.107081][0.486754,0.353370,0.798874][0.445646,0.859194,0.000000]
[9.902091,13.848424,9.895437][0.637049,0.418326,0.647434][0.433105,0.881488,0.000000][10.652290,11.078268,10.650030][0.664470,0.331566,0.669734][0.426187,0.855944,0.000000][12.109506,11.491868,8.537817][0.796040,0.348751,0.494664][0.412750,0.859757,0.000000]
[8.542095,11.430770,12.107081][0.486754,0.353370,0.798874][0.445646,0.859194,0.000000][10.652290,11.078268,10.650030][0.664470,0.331566,0.669734][0.426187,0.855944,0.000000][9.902091,13.848424,9.895437][0.637049,0.418326,0.647434][0.433105,0.881488,0.000000]
[13.279486,7.539557,9.050321][0.816374,0.253836,0.518750][0.401961,0.823313,0.000000][12.109506,11.491868,8.537817][0.796040,0.348751,0.494664][0.412750,0.859757,0.000000][10.652290,11.078268,10.650030][0.664470,0.331566,0.669734][0.426187,0.855944,0.000000]
[12.109506,11.491868,8.537817][0.796040,0.348751,0.494664][0.412750,0.859757,0.000000][13.279486,7.539557,9.050321][0.816374,0.253836,0.518750][0.401961,0.823313,0.000000][14.601022,7.828600,6.240811][0.898056,0.271483,0.346111][0.389775,0.825978,0.000000]
[14.601022,7.828600,6.240811][0.898056,0.271483,0.346111][0.389775,0.825978,0.000000][13.279486,7.539557,9.050321][0.816374,0.253836,0.518750][0.401961,0.823313,0.000000][15.473357,3.785751,6.496129][0.920732,0.149529,0.360408][0.381731,0.788698,0.000000]
[13.279486,7.539557,9.050321][0.816374,0.253836,0.518750][0.401961,0.823313,0.000000][13.997067,3.661264,9.429346][0.832262,0.140172,0.536369][0.395344,0.787550,0.000000][15.473357,3.785751,6.496129][0.920732,0.149529,0.360408][0.381731,0.788698,0.000000]
[15.473357,3.785751,6.496129][0.920732,0.149529,0.360408][0.381731,0.788698,0.000000][13.997067,3.661264,9.429346][0.832262,0.140172,0.536369][0.395344,0.787550,0.000000][15.768902,-0.002983,6.589266][0.930313,0.002265,0.366759][0.379006,0.753761,0.000000]
[10.652290,11.078268,10.650030][0.664470,0.331566,0.669734][0.426187,0.855944,0.000000][11.436331,7.363162,11.435977][0.684822,0.244496,0.686469][0.418957,0.821686,0.000000][13.279486,7.539557,9.050321][0.816374,0.253836,0.518750][0.401961,0.823313,0.000000]
[13.997067,3.661264,9.429346][0.832262,0.140172,0.536369][0.395344,0.787550,0.000000][13.279486,7.539557,9.050321][0.816374,0.253836,0.518750][0.401961,0.823313,0.000000][11.436331,7.363162,11.435977][0.684822,0.244496,0.686469][0.418957,0.821686,0.000000]
[8.542095,11.430770,12.107081][0.486754,0.353370,0.798874][0.445646,0.859194,0.000000][9.051247,7.517859,13.279178][0.516507,0.255737,0.817202][0.440951,0.823112,0.000000][10.652290,11.078268,10.650030][0.664470,0.331566,0.669734][0.426187,0.855944,0.000000]
[9.051247,7.517859,13.279178][0.516507,0.255737,0.817202][0.440951,0.823112,0.000000][11.436331,7.363162,11.435977][0.684822,0.244496,0.686469][0.418957,0.821686,0.000000][10.652290,11.078268,10.650030][0.664470,0.331566,0.669734][0.426187,0.855944,0.000000]
[6.242289,7.786953,14.600880][0.343831,0.275512,0.897705][0.466853,0.825594,0.000000][9.051247,7.517859,13.279178][0.516507,0.255737,0.817202][0.440951,0.823112,0.000000][8.542095,11.430770,12.107081][0.486754,0.353370,0.798874][0.445646,0.859194,0.000000]
[8.542095,11.430770,12.107081][0.486754,0.353370,0.798874][0.445646,0.859194,0.000000][5.913808,11.932800,13.158243][0.323958,0.385342,0.864039][0.469882,0.863823,0.000000][6.242289,7.786953,14.600880][0.343831,0.275512,0.897705][0.466853,0.825594,0.000000]
[9.051247,7.517859,13.279178][0.516507,0.255737,0.817202][0.440951,0.823112,0.000000][9.429358,3.653205,13.996920][0.535972,0.140515,0.832460][0.437464,0.787476,0.000000][11.436331,7.363162,11.435977][0.684822,0.244496,0.686469][0.418957,0.821686,0.000000]
[11.436331,7.363162,11.435977][0.684822,0.244496,0.686469][0.418957,0.821686,0.000000][11.967438,3.587498,11.967414][0.700405,0.135476,0.700771][0.414060,0.786870,0.000000][13.997067,3.661264,9.429346][0.832262,0.140172,0.536369][0.395344,0.787550,0.000000]
[9.429358,3.653205,13.996920][0.535972,0.140515,0.832460][0.437464,0.787476,0.000000][11.967438,3.587498,11.967414][0.700405,0.135476,0.700771][0.414060,0.786870,0.000000][11.436331,7.363162,11.435977][0.684822,0.244496,0.686469][0.418957,0.821686,0.000000]
[9.051247,7.517859,13.279178][0.516507,0.255737,0.817202][0.440951,0.823112,0.000000][6.496285,3.772961,15.473249][0.360147,0.150248,0.920717][0.464510,0.788580,0.000000][9.429358,3.653205,13.996920][0.535972,0.140515,0.832460][0.437464,0.787476,0.000000]
[9.051247,7.517859,13.279178][0.516507,0.255737,0.817202][0.440951,0.823112,0.000000][6.242289,7.786953,14.600880][0.343831,0.275512,0.897705][0.466853,0.825594,0.000000][6.496285,3.772961,15.473249][0.360147,0.150248,0.920717][0.464510,0.788580,0.000000]
[5.913808,11.932800,13.158243][0.323958,0.385342,0.864039][0.469882,0.863823,0.000000][3.178610,7.961356,15.405151][0.171749,0.289043,0.941783][0.495103,0.827202,0.000000][6.242289,7.786953,14.600880][0.343831,0.275512,0.897705][0.466853,0.825594,0.000000]
[5.913808,11.932800,13.158243][0.323958,0.385342,0.864039][0.469882,0.863823,0.000000][3.011873,12.250890,13.809613][0.161421,0.403640,0.900565][0.496641,0.866757,0.000000][3.178610,7.961356,15.405151][0.171749,0.289043,0.941783][0.495103,0.827202,0.000000]
[6.242289,7.786953,14.600880][0.343831,0.275512,0.897705][0.466853,0.825594,0.000000][3.309178,3.845296,16.374464][0.181055,0.157530,0.970775][0.493899,0.789247,0.000000][6.496285,3.772961,15.473249][0.360147,0.150248,0.920717][0.464510,0.788580,0.000000]
[6.242289,7.786953,14.600880][0.343831,0.275512,0.897705][0.466853,0.825594,0.000000][3.178610,7.961356,15.405151][0.171749,0.289043,0.941783][0.495103,0.827202,0.000000][3.309178,3.845296,16.374464][0.181055,0.157530,0.970775][0.493899,0.789247,0.000000]
[3.011873,12.250890,13.809613][0.161421,0.403640,0.900565][0.496641,0.866757,0.000000][0.000000,8.010511,15.676697][0.000000,0.293449,0.955975][0.524414,0.827655,0.000000][3.178610,7.961356,15.405151][0.171749,0.289043,0.941783][0.495103,0.827202,0.000000]
[3.011873,12.250890,13.809613][0.161421,0.403640,0.900565][0.496641,0.866757,0.000000][0.000000,12.345095,14.031584][-0.000000,0.409289,0.912405][0.524414,0.867625,0.000000][0.000000,8.010511,15.676697][0.000000,0.293449,0.955975][0.524414,0.827655,0.000000]
[-3.011873,12.250890,13.809613][-0.161421,0.403640,0.900565][0.552187,0.866757,0.000000][0.000000,8.010511,15.676697][0.000000,0.293449,0.955975][0.524414,0.827655,0.000000][0.000000,12.345095,14.031584][-0.000000,0.409289,0.912405][0.524414,0.867625,0.000000]
[0.000000,8.010511,15.676697][0.000000,0.293449,0.955975][0.524414,0.827655,0.000000][-3.011873,12.250890,13.809613][-0.161421,0.403640,0.900565][0.552187,0.866757,0.000000][-3.178610,7.961356,15.405151][-0.171749,0.289043,0.941783][0.553725,0.827202,0.000000]
[3.178610,7.961356,15.405151][0.171749,0.289043,0.941783][0.495103,0.827202,0.000000][0.000000,8.010511,15.676697][0.000000,0.293449,0.955975][0.524414,0.827655,0.000000][0.000000,3.862697,16.678654][0.000000,0.159996,0.987118][0.524414,0.789407,0.000000]
[-3.178610,7.961356,15.405151][-0.171749,0.289043,0.941783][0.553725,0.827202,0.000000][0.000000,3.862697,16.678654][0.000000,0.159996,0.987118][0.524414,0.789407,0.000000][0.000000,8.010511,15.676697][0.000000,0.293449,0.955975][0.524414,0.827655,0.000000]
[3.178610,7.961356,15.405151][0.171749,0.289043,0.941783][0.495103,0.827202,0.000000][0.000000,3.862697,16.678654][0.000000,0.159996,0.987118][0.524414,0.789407,0.000000][3.309178,3.845296,16.374464][0.181055,0.157530,0.970775][0.493899,0.789247,0.000000]
[0.000000,3.862697,16.678654][0.000000,0.159996,0.987118][0.524414,0.789407,0.000000][-3.178610,7.961356,15.405151][-0.171749,0.289043,0.941783][0.553725,0.827202,0.000000][-3.309178,3.845296,16.374464][-0.181055,0.157530,0.970775][0.554929,0.789247,0.000000]
[-3.309178,3.845296,16.374464][-0.181055,0.157530,0.970775][0.554929,0.789247,0.000000][0.000000,-0.031514,17.019674][0.000000,0.001988,0.999998][0.524414,0.753498,0.000000][0.000000,3.862697,16.678654][0.000000,0.159996,0.987118][0.524414,0.789407,0.000000]
[0.000000,-0.031514,17.019674][0.000000,0.001988,0.999998][0.524414,0.753498,0.000000][3.309178,3.845296,16.374464][0.181055,0.157530,0.970775][0.493899,0.789247,0.000000][0.000000,3.862697,16.678654][0.000000,0.159996,0.987118][0.524414,0.789407,0.000000]
[3.309178,3.845296,16.374464][0.181055,0.157530,0.970775][0.493899,0.789247,0.000000][0.000000,-0.031514,17.019674][0.000000,0.001988,0.999998][0.524414,0.753498,0.000000][3.357330,-0.022551,16.703873][0.185142,0.002107,0.982709][0.493455,0.753581,0.000000]
[6.496285,3.772961,15.473249][0.360147,0.150248,0.920717][0.464510,0.788580,0.000000][3.309178,3.845296,16.374464][0.181055,0.157530,0.970775][0.493899,0.789247,0.000000][3.357330,-0.022551,16.703873][0.185142,0.002107,0.982709][0.493455,0.753581,0.000000]
[3.357330,-0.022551,16.703873][0.185142,0.002107,0.982709][0.493455,0.753581,0.000000][0.000000,-0.031514,17.019674][0.000000,0.001988,0.999998][0.524414,0.753498,0.000000][3.316823,-3.694739,16.406525][0.182370,-0.164048,0.969448][0.493829,0.719719,0.000000]
[0.000000,-0.031514,17.019674][0.000000,0.001988,0.999998][0.524414,0.753498,0.000000][0.000000,-3.732136,16.711535][0.000000,-0.167064,0.985946][0.524414,0.719374,0.000000][3.316823,-3.694739,16.406525][0.182370,-0.164048,0.969448][0.493829,0.719719,0.000000]
[6.496285,3.772961,15.473249][0.360147,0.150248,0.920717][0.464510,0.788580,0.000000][3.357330,-0.022551,16.703873][0.185142,0.002107,0.982709][0.493455,0.753581,0.000000][6.589193,-0.006636,15.768695][0.366766,0.002263,0.930311][0.463654,0.753727,0.000000]
[9.429358,3.653205,13.996920][0.535972,0.140515,0.832460][0.437464,0.787476,0.000000][6.496285,3.772961,15.473249][0.360147,0.150248,0.920717][0.464510,0.788580,0.000000][6.589193,-0.006636,15.768695][0.366766,0.002263,0.930311][0.463654,0.753727,0.000000]
[3.357330,-0.022551,16.703873][0.185142,0.002107,0.982709][0.493455,0.753581,0.000000][3.316823,-3.694739,16.406525][0.182370,-0.164048,0.969448][0.493829,0.719719,0.000000][6.509862,-3.587540,15.502618][0.361482,-0.155575,0.919308][0.464385,0.720707,0.000000]
[6.589193,-0.006636,15.768695][0.366766,0.002263,0.930311][0.463654,0.753727,0.000000][3.357330,-0.022551,16.703873][0.185142,0.002107,0.982709][0.493455,0.753581,0.000000][6.509862,-3.587540,15.502618][0.361482,-0.155575,0.919308][0.464385,0.720707,0.000000]
[3.316823,-3.694739,16.406525][0.182370,-0.164048,0.969448][0.493829,0.719719,0.000000][0.000000,-3.732136,16.711535][0.000000,-0.167064,0.985946][0.524414,0.719374,0.000000][3.204646,-7.218759,15.509562][0.173600,-0.324821,0.929707][0.494863,0.687223,0.000000]
[0.000000,-3.732136,16.711535][0.000000,-0.167064,0.985946][0.524414,0.719374,0.000000][0.000000,-7.290134,15.782632][0.000000,-0.330533,0.943795][0.524414,0.686565,0.000000][3.204646,-7.218759,15.509562][0.173600,-0.324821,0.929707][0.494863,0.687223,0.000000]
[3.204646,-7.218759,15.509562][0.173600,-0.324821,0.929707][0.494863,0.687223,0.000000][0.000000,-7.290134,15.782632][0.000000,-0.330533,0.943795][0.524414,0.686565,0.000000][3.072911,-10.553305,14.038052][0.163094,-0.480794,0.861532][0.496078,0.656474,0.000000]
[3.316823,-3.694739,16.406525][0.182370,-0.164048,0.969448][0.493829,0.719719,0.000000][3.204646,-7.218759,15.509562][0.173600,-0.324821,0.929707][0.494863,0.687223,0.000000][6.289512,-7.009923,14.699132][0.344793,-0.307831,0.886769][0.466417,0.689149,0.000000]
[6.509862,-3.587540,15.502618][0.361482,-0.155575,0.919308][0.464385,0.720707,0.000000][3.316823,-3.694739,16.406525][0.182370,-0.164048,0.969448][0.493829,0.719719,0.000000][6.289512,-7.009923,14.699132][0.344793,-0.307831,0.886769][0.466417,0.689149,0.000000]
[3.204646,-7.218759,15.509562][0.173600,-0.324821,0.929707][0.494863,0.687223,0.000000][3.072911,-10.553305,14.038052][0.163094,-0.480794,0.861532][0.496078,0.656474,0.000000][6.024469,-10.218881,13.374583][0.322261,-0.457209,0.828919][0.468861,0.659558,0.000000]
[6.289512,-7.009923,14.699132][0.344793,-0.307831,0.886769][0.466417,0.689149,0.000000][3.204646,-7.218759,15.509562][0.173600,-0.324821,0.929707][0.494863,0.687223,0.000000][6.024469,-10.218881,13.374583][0.322261,-0.457209,0.828919][0.468861,0.659558,0.000000]
[6.024469,-10.218881,13.374583][0.322261,-0.457209,0.828919][0.468861,0.659558,0.000000][3.072911,-10.553305,14.038052][0.163094,-0.480794,0.861532][0.496078,0.656474,0.000000][5.896666,-13.015790,11.527464][0.315761,-0.615032,0.722517][0.470040,0.633767,0.000000]
[6.024469,-10.218881,13.374583][0.322261,-0.457209,0.828919][0.468861,0.659558,0.000000][5.896666,-13.015790,11.527464][0.315761,-0.615032,0.722517][0.470040,0.633767,0.000000][8.424973,-12.236287,10.821974][0.463171,-0.575925,0.673635][0.446726,0.640955,0.000000]
[8.685119,-9.758676,12.298577][0.478802,-0.417005,0.772564][0.444327,0.663802,0.000000][6.024469,-10.218881,13.374583][0.322261,-0.457209,0.828919][0.468861,0.659558,0.000000][8.424973,-12.236287,10.821974][0.463171,-0.575925,0.673635][0.446726,0.640955,0.000000]
[6.289512,-7.009923,14.699132][0.344793,-0.307831,0.886769][0.466417,0.689149,0.000000][6.024469,-10.218881,13.374583][0.322261,-0.457209,0.828919][0.468861,0.659558,0.000000][8.685119,-9.758676,12.298577][0.478802,-0.417005,0.772564][0.444327,0.663802,0.000000]
[9.113158,-6.735071,13.365537][0.514785,-0.283578,0.809061][0.440380,0.691683,0.000000][6.289512,-7.009923,14.699132][0.344793,-0.307831,0.886769][0.466417,0.689149,0.000000][8.685119,-9.758676,12.298577][0.478802,-0.417005,0.772564][0.444327,0.663802,0.000000]
[6.509862,-3.587540,15.502618][0.361482,-0.155575,0.919308][0.464385,0.720707,0.000000][6.289512,-7.009923,14.699132][0.344793,-0.307831,0.886769][0.466417,0.689149,0.000000][9.113158,-6.735071,13.365537][0.514785,-0.283578,0.809061][0.440380,0.691683,0.000000]
[9.113158,-6.735071,13.365537][0.514785,-0.283578,0.809061][0.440380,0.691683,0.000000][8.685119,-9.758676,12.298577][0.478802,-0.417005,0.772564][0.444327,0.663802,0.000000][10.816302,-9.458010,10.813252][0.650733,-0.390331,0.651297][0.424675,0.666574,0.000000]
[9.446869,-3.451187,14.021920][0.536481,-0.144717,0.831411][0.437302,0.721964,0.000000][6.509862,-3.587540,15.502618][0.361482,-0.155575,0.919308][0.464385,0.720707,0.000000][9.113158,-6.735071,13.365537][0.514785,-0.283578,0.809061][0.440380,0.691683,0.000000]
[6.589193,-0.006636,15.768695][0.366766,0.002263,0.930311][0.463654,0.753727,0.000000][6.509862,-3.587540,15.502618][0.361482,-0.155575,0.919308][0.464385,0.720707,0.000000][9.446869,-3.451187,14.021920][0.536481,-0.144717,0.831411][0.437302,0.721964,0.000000]
[11.509851,-6.586420,11.509175][0.680638,-0.270326,0.680922][0.418279,0.693054,0.000000][9.113158,-6.735071,13.365537][0.514785,-0.283578,0.809061][0.440380,0.691683,0.000000][10.816302,-9.458010,10.813252][0.650733,-0.390331,0.651297][0.424675,0.666574,0.000000]
[9.446869,-3.451187,14.021920][0.536481,-0.144717,0.831411][0.437302,0.721964,0.000000][9.113158,-6.735071,13.365537][0.514785,-0.283578,0.809061][0.440380,0.691683,0.000000][11.509851,-6.586420,11.509175][0.680638,-0.270326,0.680922][0.418279,0.693054,0.000000]
[13.366624,-6.738676,9.112283][0.808975,-0.283304,0.515071][0.401158,0.691650,0.000000][11.509851,-6.586420,11.509175][0.680638,-0.270326,0.680922][0.418279,0.693054,0.000000][10.816302,-9.458010,10.813252][0.650733,-0.390331,0.651297][0.424675,0.666574,0.000000]
[9.565301,0.001697,14.240525][0.543362,0.002261,0.839495][0.436210,0.753804,0.000000][6.589193,-0.006636,15.768695][0.366766,0.002263,0.930311][0.463654,0.753727,0.000000][9.446869,-3.451187,14.021920][0.536481,-0.144717,0.831411][0.437302,0.721964,0.000000]
[9.429358,3.653205,13.996920][0.535972,0.140515,0.832460][0.437464,0.787476,0.000000][6.589193,-0.006636,15.768695][0.366766,0.002263,0.930311][0.463654,0.753727,0.000000][9.565301,0.001697,14.240525][0.543362,0.002261,0.839495][0.436210,0.753804,0.000000]
[11.967438,3.587498,11.967414][0.700405,0.135476,0.700771][0.414060,0.786870,0.000000][9.429358,3.653205,13.996920][0.535972,0.140515,0.832460][0.437464,0.787476,0.000000][9.565301,0.001697,14.240525][0.543362,0.002261,0.839495][0.436210,0.753804,0.000000]
[9.565301,0.001697,14.240525][0.543362,0.002261,0.839495][0.436210,0.753804,0.000000][9.446869,-3.451187,14.021920][0.536481,-0.144717,0.831411][0.437302,0.721964,0.000000][11.988329,-3.382148,11.988230][0.700170,-0.139235,0.700268][0.413867,0.722601,0.000000]
[11.988329,-3.382148,11.988230][0.700170,-0.139235,0.700268][0.413867,0.722601,0.000000][9.446869,-3.451187,14.021920][0.536481,-0.144717,0.831411][0.437302,0.721964,0.000000][11.509851,-6.586420,11.509175][0.680638,-0.270326,0.680922][0.418279,0.693054,0.000000]
[11.967438,3.587498,11.967414][0.700405,0.135476,0.700771][0.414060,0.786870,0.000000][9.565301,0.001697,14.240525][0.543362,0.002261,0.839495][0.436210,0.753804,0.000000][12.152842,0.003860,12.152818][0.707067,0.002228,0.707143][0.412350,0.753824,0.000000]
[12.152842,0.003860,12.152818][0.707067,0.002228,0.707143][0.412350,0.753824,0.000000][9.565301,0.001697,14.240525][0.543362,0.002261,0.839495][0.436210,0.753804,0.000000][11.988329,-3.382148,11.988230][0.700170,-0.139235,0.700268][0.413867,0.722601,0.000000]
[11.967438,3.587498,11.967414][0.700405,0.135476,0.700771][0.414060,0.786870,0.000000][12.152842,0.003860,12.152818][0.707067,0.002228,0.707143][0.412350,0.753824,0.000000][14.240724,0.004150,9.565406][0.839459,0.002266,0.543418][0.393097,0.753827,0.000000]
[14.240724,0.004150,9.565406][0.839459,0.002266,0.543418][0.393097,0.753827,0.000000][12.152842,0.003860,12.152818][0.707067,0.002228,0.707143][0.412350,0.753824,0.000000][11.988329,-3.382148,11.988230][0.700170,-0.139235,0.700268][0.413867,0.722601,0.000000]
[13.997067,3.661264,9.429346][0.832262,0.140172,0.536369][0.395344,0.787550,0.000000][11.967438,3.587498,11.967414][0.700405,0.135476,0.700771][0.414060,0.786870,0.000000][14.240724,0.004150,9.565406][0.839459,0.002266,0.543418][0.393097,0.753827,0.000000]
[13.997067,3.661264,9.429346][0.832262,0.140172,0.536369][0.395344,0.787550,0.000000][14.240724,0.004150,9.565406][0.839459,0.002266,0.543418][0.393097,0.753827,0.000000][15.768902,-0.002983,6.589266][0.930313,0.002265,0.366759][0.379006,0.753761,0.000000]
[14.022214,-3.452450,9.446838][0.831378,-0.144589,0.536567][0.395112,0.721953,0.000000][11.988329,-3.382148,11.988230][0.700170,-0.139235,0.700268][0.413867,0.722601,0.000000][11.509851,-6.586420,11.509175][0.680638,-0.270326,0.680922][0.418279,0.693054,0.000000]
[14.240724,0.004150,9.565406][0.839459,0.002266,0.543418][0.393097,0.753827,0.000000][11.988329,-3.382148,11.988230][0.700170,-0.139235,0.700268][0.413867,0.722601,0.000000][14.022214,-3.452450,9.446838][0.831378,-0.144589,0.536567][0.395112,0.721953,0.000000]
[15.768902,-0.002983,6.589266][0.930313,0.002265,0.366759][0.379006,0.753761,0.000000][14.240724,0.004150,9.565406][0.839459,0.002266,0.543418][0.393097,0.753827,0.000000][14.022214,-3.452450,9.446838][0.831378,-0.144589,0.536567][0.395112,0.721953,0.000000]
[14.022214,-3.452450,9.446838][0.831378,-0.144589,0.536567][0.395112,0.721953,0.000000][11.509851,-6.586420,11.509175][0.680638,-0.270326,0.680922][0.418279,0.693054,0.000000][13.366624,-6.738676,9.112283][0.808975,-0.283304,0.515071][0.401158,0.691650,0.000000]
[15.768902,-0.002983,6.589266][0.930313,0.002265,0.366759][0.379006,0.753761,0.000000][14.022214,-3.452450,9.446838][0.831378,-0.144589,0.536567][0.395112,0.721953,0.000000][15.502949,-3.589424,6.509769][0.919343,-0.155356,0.361487][0.381458,0.720690,0.000000]
[15.502949,-3.589424,6.509769][0.919343,-0.155356,0.361487][0.381458,0.720690,0.000000][14.022214,-3.452450,9.446838][0.831378,-0.144589,0.536567][0.395112,0.721953,0.000000][13.366624,-6.738676,9.112283][0.808975,-0.283304,0.515071][0.401158,0.691650,0.000000]
[1.479267,12.964751,-15.028692][0.177959,0.272298,-0.945613][0.169420,0.870171,0.000000][1.641274,11.341823,-15.217598][0.168253,0.116466,-0.978840][0.167868,0.854621,0.000000][0.000000,12.739543,-15.241726][0.000000,0.234663,-0.972077][0.183594,0.868013,0.000000]
[1.479267,12.964751,-15.028692][0.177959,0.272298,-0.945613][0.169420,0.870171,0.000000][3.426697,11.803710,-14.719364][0.283739,0.183898,-0.941102][0.150761,0.859046,0.000000][1.641274,11.341823,-15.217598][0.168253,0.116466,-0.978840][0.167868,0.854621,0.000000]
[-1.479267,12.964751,-15.028692][-0.177959,0.272298,-0.945613][0.197767,0.870171,0.000000][0.000000,12.739543,-15.241726][0.000000,0.234663,-0.972077][0.183594,0.868013,0.000000][-1.641274,11.341823,-15.217598][-0.168253,0.116466,-0.978839][0.199319,0.854621,0.000000]
[-1.641274,11.341823,-15.217598][-0.168253,0.116466,-0.978839][0.199319,0.854621,0.000000][-3.473758,10.053022,-14.921506][-0.256005,0.172906,-0.951086][0.216877,0.842272,0.000000][-3.426697,11.803710,-14.719364][-0.283739,0.183898,-0.941102][0.216426,0.859046,0.000000]
[-3.426697,11.803710,-14.719364][-0.283739,0.183898,-0.941102][0.216426,0.859046,0.000000][-1.479267,12.964751,-15.028692][-0.177959,0.272298,-0.945613][0.197767,0.870171,0.000000][-1.641274,11.341823,-15.217598][-0.168253,0.116466,-0.978839][0.199319,0.854621,0.000000]
[-3.473758,10.053022,-14.921506][-0.256005,0.172906,-0.951086][0.216877,0.842272,0.000000][-6.251852,7.549835,-14.722632][-0.357197,0.222311,-0.907187][0.243495,0.818288,0.000000][-6.014884,10.539406,-13.988089][-0.384586,0.189600,-0.903408][0.241225,0.846932,0.000000]
[-6.014884,10.539406,-13.988089][-0.384586,0.189600,-0.903408][0.241225,0.846932,0.000000][-3.426697,11.803710,-14.719364][-0.283739,0.183898,-0.941102][0.216426,0.859046,0.000000][-3.473758,10.053022,-14.921506][-0.256005,0.172906,-0.951086][0.216877,0.842272,0.000000]
[-9.001771,7.607524,-13.321373][-0.530534,0.228926,-0.816166][0.269843,0.818841,0.000000][-6.014884,10.539406,-13.988089][-0.384586,0.189600,-0.903408][0.241225,0.846932,0.000000][-6.251852,7.549835,-14.722632][-0.357197,0.222311,-0.907187][0.243495,0.818288,0.000000]
[-3.426697,11.803710,-14.719364][-0.283739,0.183898,-0.941102][0.216426,0.859046,0.000000][-6.014884,10.539406,-13.988089][-0.384586,0.189600,-0.903408][0.241225,0.846932,0.000000][-5.989577,11.882792,-13.823787][-0.411141,0.166447,-0.896247][0.240982,0.859804,0.000000]
[-7.949132,12.242507,-12.544880][-0.574629,0.238459,-0.782904][0.259757,0.863250,0.000000][-5.989577,11.882792,-13.823787][-0.411141,0.166447,-0.896247][0.240982,0.859804,0.000000][-6.014884,10.539406,-13.988089][-0.384586,0.189600,-0.903408][0.241225,0.846932,0.000000]
[-9.001771,7.607524,-13.321373][-0.530534,0.228926,-0.816166][0.269843,0.818841,0.000000][-7.949132,12.242507,-12.544880][-0.574629,0.238459,-0.782904][0.259757,0.863250,0.000000][-6.014884,10.539406,-13.988089][-0.384586,0.189600,-0.903408][0.241225,0.846932,0.000000]
[-6.138102,13.196898,-13.490343][-0.402741,0.239147,-0.883520][0.242405,0.872395,0.000000][-3.426697,11.803710,-14.719364][-0.283739,0.183898,-0.941102][0.216426,0.859046,0.000000][-5.989577,11.882792,-13.823787][-0.411141,0.166447,-0.896247][0.240982,0.859804,0.000000]
[-7.949132,12.242507,-12.544880][-0.574629,0.238459,-0.782904][0.259757,0.863250,0.000000][-6.138102,13.196898,-13.490343][-0.402741,0.239147,-0.883520][0.242405,0.872395,0.000000][-5.989577,11.882792,-13.823787][-0.411141,0.166447,-0.896247][0.240982,0.859804,0.000000]
[-3.426697,11.803710,-14.719364][-0.283739,0.183898,-0.941102][0.216426,0.859046,0.000000][-6.138102,13.196898,-13.490343][-0.402741,0.239147,-0.883520][0.242405,0.872395,0.000000][-3.231568,14.368560,-13.961570][-0.228451,0.389437,-0.892272][0.214557,0.883621,0.000000]
[-1.479267,12.964751,-15.028692][-0.177959,0.272298,-0.945613][0.197767,0.870171,0.000000][-3.426697,11.803710,-14.719364][-0.283739,0.183898,-0.941102][0.216426,0.859046,0.000000][-3.231568,14.368560,-13.961570][-0.228451,0.389437,-0.892272][0.214557,0.883621,0.000000]
[-6.251852,7.549835,-14.722632][-0.357197,0.222311,-0.907187][0.243495,0.818288,0.000000][-6.498187,3.756666,-15.480616][-0.362067,0.142609,-0.921179][0.245855,0.781945,0.000000][-9.001771,7.607524,-13.321373][-0.530534,0.228926,-0.816166][0.269843,0.818841,0.000000]
[-6.251852,7.549835,-14.722632][-0.357197,0.222311,-0.907187][0.243495,0.818288,0.000000][-3.294931,3.839816,-16.382553][-0.183073,0.146450,-0.972130][0.215164,0.782741,0.000000][-6.498187,3.756666,-15.480616][-0.362067,0.142609,-0.921179][0.245855,0.781945,0.000000]
[-3.294931,3.839816,-16.382553][-0.183073,0.146450,-0.972130][0.215164,0.782741,0.000000][-3.357330,-0.022514,-16.703873][-0.185388,0.001183,-0.982665][0.215761,0.745735,0.000000][-6.498187,3.756666,-15.480616][-0.362067,0.142609,-0.921179][0.245855,0.781945,0.000000]
[-3.294931,3.839816,-16.382553][-0.183073,0.146450,-0.972130][0.215164,0.782741,0.000000][0.000000,-0.031508,-17.019674][-0.000000,0.000776,-1.000000][0.183594,0.745649,0.000000][-3.357330,-0.022514,-16.703873][-0.185388,0.001183,-0.982665][0.215761,0.745735,0.000000]
[-1.479267,12.964751,-15.028692][-0.177959,0.272298,-0.945613][0.197767,0.870171,0.000000][-3.231568,14.368560,-13.961570][-0.228451,0.389437,-0.892272][0.214557,0.883621,0.000000][-2.099352,14.462055,-14.217752][-0.193389,0.453163,-0.870197][0.203708,0.884517,0.000000]
[0.000000,-0.031508,-17.019674][-0.000000,0.000776,-1.000000][0.183594,0.745649,0.000000][-3.316823,-3.694733,-16.406527][-0.182371,-0.164047,-0.969448][0.215373,0.710550,0.000000][-3.357330,-0.022514,-16.703873][-0.185388,0.001183,-0.982665][0.215761,0.745735,0.000000]
[-3.316823,-3.694733,-16.406527][-0.182371,-0.164047,-0.969448][0.215373,0.710550,0.000000][0.000000,-0.031508,-17.019674][-0.000000,0.000776,-1.000000][0.183594,0.745649,0.000000][0.000000,-3.732132,-16.711536][0.000000,-0.167064,-0.985946][0.183594,0.710192,0.000000]
[-6.498187,3.756666,-15.480616][-0.362067,0.142609,-0.921179][0.245855,0.781945,0.000000][-3.357330,-0.022514,-16.703873][-0.185388,0.001183,-0.982665][0.215761,0.745735,0.000000][-6.589193,-0.006449,-15.768695][-0.366863,0.001730,-0.930274][0.246727,0.745889,0.000000]
[-6.509862,-3.587536,-15.502620][-0.361483,-0.155573,-0.919308][0.245967,0.711577,0.000000][-3.357330,-0.022514,-16.703873][-0.185388,0.001183,-0.982665][0.215761,0.745735,0.000000][-3.316823,-3.694733,-16.406527][-0.182371,-0.164047,-0.969448][0.215373,0.710550,0.000000]
[-3.357330,-0.022514,-16.703873][-0.185388,0.001183,-0.982665][0.215761,0.745735,0.000000][-6.509862,-3.587536,-15.502620][-0.361483,-0.155573,-0.919308][0.245967,0.711577,0.000000][-6.589193,-0.006449,-15.768695][-0.366863,0.001730,-0.930274][0.246727,0.745889,0.000000]
[0.000000,-3.732132,-16.711536][0.000000,-0.167064,-0.985946][0.183594,0.710192,0.000000][-3.204646,-7.218752,-15.509564][-0.173600,-0.324820,-0.929707][0.214299,0.676785,0.000000][-3.316823,-3.694733,-16.406527][-0.182371,-0.164047,-0.969448][0.215373,0.710550,0.000000]
[-3.204646,-7.218752,-15.509564][-0.173600,-0.324820,-0.929707][0.214299,0.676785,0.000000][0.000000,-3.732132,-16.711536][0.000000,-0.167064,-0.985946][0.183594,0.710192,0.000000][0.000000,-7.290128,-15.782636][0.000000,-0.330532,-0.943795][0.183594,0.676101,0.000000]
[0.000000,-7.290128,-15.782636][0.000000,-0.330532,-0.943795][0.183594,0.676101,0.000000][-3.072911,-10.553301,-14.038055][-0.163094,-0.480794,-0.861532][0.213036,0.644835,0.000000][-3.204646,-7.218752,-15.509564][-0.173600,-0.324820,-0.929707][0.214299,0.676785,0.000000]
[-6.024469,-10.218877,-13.374587][-0.322261,-0.457209,-0.828920][0.241316,0.648040,0.000000][-3.204646,-7.218752,-15.509564][-0.173600,-0.324820,-0.929707][0.214299,0.676785,0.000000][-3.072911,-10.553301,-14.038055][-0.163094,-0.480794,-0.861532][0.213036,0.644835,0.000000]
[-6.289511,-7.009919,-14.699134][-0.344793,-0.307830,-0.886769][0.243856,0.678786,0.000000][-3.316823,-3.694733,-16.406527][-0.182371,-0.164047,-0.969448][0.215373,0.710550,0.000000][-3.204646,-7.218752,-15.509564][-0.173600,-0.324820,-0.929707][0.214299,0.676785,0.000000]
[-3.204646,-7.218752,-15.509564][-0.173600,-0.324820,-0.929707][0.214299,0.676785,0.000000][-6.024469,-10.218877,-13.374587][-0.322261,-0.457209,-0.828920][0.241316,0.648040,0.000000][-6.289511,-7.009919,-14.699134][-0.344793,-0.307830,-0.886769][0.243856,0.678786,0.000000]
[-3.316823,-3.694733,-16.406527][-0.182371,-0.164047,-0.969448][0.215373,0.710550,0.000000][-6.289511,-7.009919,-14.699134][-0.344793,-0.307830,-0.886769][0.243856,0.678786,0.000000][-6.509862,-3.587536,-15.502620][-0.361483,-0.155573,-0.919308][0.245967,0.711577,0.000000]
[-8.685118,-9.758671,-12.298581][-0.478802,-0.417005,-0.772564][0.266809,0.652449,0.000000][-6.289511,-7.009919,-14.699134][-0.344793,-0.307830,-0.886769][0.243856,0.678786,0.000000][-6.024469,-10.218877,-13.374587][-0.322261,-0.457209,-0.828920][0.241316,0.648040,0.000000]
[-6.289511,-7.009919,-14.699134][-0.344793,-0.307830,-0.886769][0.243856,0.678786,0.000000][-8.685118,-9.758671,-12.298581][-0.478802,-0.417005,-0.772564][0.266809,0.652449,0.000000][-9.113158,-6.735067,-13.365541][-0.514785,-0.283578,-0.809062][0.270910,0.681419,0.000000]
[-9.113158,-6.735067,-13.365541][-0.514785,-0.283578,-0.809062][0.270910,0.681419,0.000000][-6.509862,-3.587536,-15.502620][-0.361483,-0.155573,-0.919308][0.245967,0.711577,0.000000][-6.289511,-7.009919,-14.699134][-0.344793,-0.307830,-0.886769][0.243856,0.678786,0.000000]
[-10.816302,-9.458008,-10.813255][-0.650733,-0.390331,-0.651297][0.287229,0.655330,0.000000][-9.113158,-6.735067,-13.365541][-0.514785,-0.283578,-0.809062][0.270910,0.681419,0.000000][-8.685118,-9.758671,-12.298581][-0.478802,-0.417005,-0.772564][0.266809,0.652449,0.000000]
[-6.509862,-3.587536,-15.502620][-0.361483,-0.155573,-0.919308][0.245967,0.711577,0.000000][-9.113158,-6.735067,-13.365541][-0.514785,-0.283578,-0.809062][0.270910,0.681419,0.000000][-9.446869,-3.451183,-14.021921][-0.536481,-0.144715,-0.831412][0.274108,0.712883,0.000000]
[-9.446869,-3.451183,-14.021921][-0.536481,-0.144715,-0.831412][0.274108,0.712883,0.000000][-6.589193,-0.006449,-15.768695][-0.366863,0.001730,-0.930274][0.246727,0.745889,0.000000][-6.509862,-3.587536,-15.502620][-0.361483,-0.155573,-0.919308][0.245967,0.711577,0.000000]
[-9.113158,-6.735067,-13.365541][-0.514785,-0.283578,-0.809062][0.270910,0.681419,0.000000][-10.816302,-9.458008,-10.813255][-0.650733,-0.390331,-0.651297][0.287229,0.655330,0.000000][-11.509851,-6.586417,-11.509177][-0.680638,-0.270326,-0.680922][0.293874,0.682844,0.000000]
[-11.509851,-6.586417,-11.509177][-0.680638,-0.270326,-0.680922][0.293874,0.682844,0.000000][-9.446869,-3.451183,-14.021921][-0.536481,-0.144715,-0.831412][0.274108,0.712883,0.000000][-9.113158,-6.735067,-13.365541][-0.514785,-0.283578,-0.809062][0.270910,0.681419,0.000000]
[-11.509851,-6.586417,-11.509177][-0.680638,-0.270326,-0.680922][0.293874,0.682844,0.000000][-10.816302,-9.458008,-10.813255][-0.650733,-0.390331,-0.651297][0.287229,0.655330,0.000000][-13.366624,-6.738671,-9.112283][-0.808975,-0.283304,-0.515071][0.311664,0.681385,0.000000]
[-6.589193,-0.006449,-15.768695][-0.366863,0.001730,-0.930274][0.246727,0.745889,0.000000][-9.446869,-3.451183,-14.021921][-0.536481,-0.144715,-0.831412][0.274108,0.712883,0.000000][-9.565301,0.001926,-14.240525][-0.543539,0.002008,-0.839382][0.275243,0.745969,0.000000]
[-9.446869,-3.451183,-14.021921][-0.536481,-0.144715,-0.831412][0.274108,0.712883,0.000000][-11.509851,-6.586417,-11.509177][-0.680638,-0.270326,-0.680922][0.293874,0.682844,0.000000][-11.988329,-3.382144,-11.988233][-0.700170,-0.139232,-0.700268][0.298458,0.713545,0.000000]
[-11.988329,-3.382144,-11.988233][-0.700170,-0.139232,-0.700268][0.298458,0.713545,0.000000][-9.565301,0.001926,-14.240525][-0.543539,0.002008,-0.839382][0.275243,0.745969,0.000000][-9.446869,-3.451183,-14.021921][-0.536481,-0.144715,-0.831412][0.274108,0.712883,0.000000]
[-14.022214,-3.452444,-9.446838][-0.831379,-0.144587,-0.536567][0.317946,0.712871,0.000000][-11.509851,-6.586417,-11.509177][-0.680638,-0.270326,-0.680922][0.293874,0.682844,0.000000][-13.366624,-6.738671,-9.112283][-0.808975,-0.283304,-0.515071][0.311664,0.681385,0.000000]
[-11.988329,-3.382144,-11.988233][-0.700170,-0.139232,-0.700268][0.298458,0.713545,0.000000][-11.509851,-6.586417,-11.509177][-0.680638,-0.270326,-0.680922][0.293874,0.682844,0.000000][-14.022214,-3.452444,-9.446838][-0.831379,-0.144587,-0.536567][0.317946,0.712871,0.000000]
[-9.565301,0.001926,-14.240525][-0.543539,0.002008,-0.839382][0.275243,0.745969,0.000000][-11.988329,-3.382144,-11.988233][-0.700170,-0.139232,-0.700268][0.298458,0.713545,0.000000][-12.152842,0.004064,-12.152818][-0.707068,0.002169,-0.707143][0.300035,0.745989,0.000000]
[-14.022214,-3.452444,-9.446838][-0.831379,-0.144587,-0.536567][0.317946,0.712871,0.000000][-13.366624,-6.738671,-9.112283][-0.808975,-0.283304,-0.515071][0.311664,0.681385,0.000000][-15.502949,-3.589422,-6.509770][-0.919343,-0.155354,-0.361488][0.332133,0.711559,0.000000]
[-15.502949,-3.589422,-6.509770][-0.919343,-0.155354,-0.361488][0.332133,0.711559,0.000000][-13.366624,-6.738671,-9.112283][-0.808975,-0.283304,-0.515071][0.311664,0.681385,0.000000][-14.700415,-7.015299,-6.288372][-0.886904,-0.307357,-0.344867][0.324444,0.678734,0.000000]
[-15.502949,-3.589422,-6.509770][-0.919343,-0.155354,-0.361488][0.332133,0.711559,0.000000][-14.700415,-7.015299,-6.288372][-0.886904,-0.307357,-0.344867][0.324444,0.678734,0.000000][-16.406704,-3.696537,-3.316721][-0.969498,-0.163800,-0.182327][0.340793,0.710533,0.000000]
[-12.152842,0.004064,-12.152818][-0.707068,0.002169,-0.707143][0.300035,0.745989,0.000000][-11.988329,-3.382144,-11.988233][-0.700170,-0.139232,-0.700268][0.298458,0.713545,0.000000][-14.240724,0.004385,-9.565406][-0.839462,0.002211,-0.543414][0.320039,0.745993,0.000000]
[-14.240724,0.004385,-9.565406][-0.839462,0.002211,-0.543414][0.320039,0.745993,0.000000][-11.988329,-3.382144,-11.988233][-0.700170,-0.139232,-0.700268][0.298458,0.713545,0.000000][-14.022214,-3.452444,-9.446838][-0.831379,-0.144587,-0.536567][0.317946,0.712871,0.000000]
[-15.768903,-0.002784,-6.589266][-0.930319,0.002223,-0.366746][0.334681,0.745924,0.000000][-14.022214,-3.452444,-9.446838][-0.831379,-0.144587,-0.536567][0.317946,0.712871,0.000000][-15.502949,-3.589422,-6.509770][-0.919343,-0.155354,-0.361488][0.332133,0.711559,0.000000]
[-14.240724,0.004385,-9.565406][-0.839462,0.002211,-0.543414][0.320039,0.745993,0.000000][-14.022214,-3.452444,-9.446838][-0.831379,-0.144587,-0.536567][0.317946,0.712871,0.000000][-15.768903,-0.002784,-6.589266][-0.930319,0.002223,-0.366746][0.334681,0.745924,0.000000]
[-16.703964,-0.019239,-3.357334][-0.982719,0.002067,-0.185094][0.343641,0.745766,0.000000][-15.502949,-3.589422,-6.509770][-0.919343,-0.155354,-0.361488][0.332133,0.711559,0.000000][-16.406704,-3.696537,-3.316721][-0.969498,-0.163800,-0.182327][0.340793,0.710533,0.000000]
[-15.768903,-0.002784,-6.589266][-0.930319,0.002223,-0.366746][0.334681,0.745924,0.000000][-15.502949,-3.589422,-6.509770][-0.919343,-0.155354,-0.361488][0.332133,0.711559,0.000000][-16.703964,-0.019239,-3.357334][-0.982719,0.002067,-0.185094][0.343641,0.745766,0.000000]
[-16.703964,-0.019239,-3.357334][-0.982719,0.002067,-0.185094][0.343641,0.745766,0.000000][-16.406704,-3.696537,-3.316721][-0.969498,-0.163800,-0.182327][0.340793,0.710533,0.000000][-17.019695,-0.028745,-0.000000][-0.999998,0.001950,0.000006][0.346666,0.745675,0.000000]
[-14.240724,0.004385,-9.565406][-0.839462,0.002211,-0.543414][0.320039,0.745993,0.000000][-11.967438,3.593593,-11.967412][-0.700791,0.133918,-0.700684][0.298258,0.780382,0.000000][-12.152842,0.004064,-12.152818][-0.707068,0.002169,-0.707143][0.300035,0.745989,0.000000]
[-11.967438,3.593593,-11.967412][-0.700791,0.133918,-0.700684][0.298258,0.780382,0.000000][-9.565301,0.001926,-14.240525][-0.543539,0.002008,-0.839382][0.275243,0.745969,0.000000][-12.152842,0.004064,-12.152818][-0.707068,0.002169,-0.707143][0.300035,0.745989,0.000000]
[-15.768903,-0.002784,-6.589266][-0.930319,0.002223,-0.366746][0.334681,0.745924,0.000000][-13.997067,3.667453,-9.429345][-0.832512,0.138980,-0.536291][0.317705,0.781090,0.000000][-14.240724,0.004385,-9.565406][-0.839462,0.002211,-0.543414][0.320039,0.745993,0.000000]
[-11.967438,3.593593,-11.967412][-0.700791,0.133918,-0.700684][0.298258,0.780382,0.000000][-14.240724,0.004385,-9.565406][-0.839462,0.002211,-0.543414][0.320039,0.745993,0.000000][-13.997067,3.667453,-9.429345][-0.832512,0.138980,-0.536291][0.317705,0.781090,0.000000]
[-16.703964,-0.019239,-3.357334][-0.982719,0.002067,-0.185094][0.343641,0.745766,0.000000][-15.473356,3.790555,-6.496127][-0.921006,0.148625,-0.360081][0.331850,0.782269,0.000000][-15.768903,-0.002784,-6.589266][-0.930319,0.002223,-0.366746][0.334681,0.745924,0.000000]
[-13.997067,3.667453,-9.429345][-0.832512,0.138980,-0.536291][0.317705,0.781090,0.000000][-15.768903,-0.002784,-6.589266][-0.930319,0.002223,-0.366746][0.334681,0.745924,0.000000][-15.473356,3.790555,-6.496127][-0.921006,0.148625,-0.360081][0.331850,0.782269,0.000000]
[-17.019695,-0.028745,-0.000000][-0.999998,0.001950,0.000006][0.346666,0.745675,0.000000][-16.374441,3.859808,-3.308991][-0.971078,0.155994,-0.180759][0.340483,0.782933,0.000000][-16.703964,-0.019239,-3.357334][-0.982719,0.002067,-0.185094][0.343641,0.745766,0.000000]
[-15.473356,3.790555,-6.496127][-0.921006,0.148625,-0.360081][0.331850,0.782269,0.000000][-16.703964,-0.019239,-3.357334][-0.982719,0.002067,-0.185094][0.343641,0.745766,0.000000][-16.374441,3.859808,-3.308991][-0.971078,0.155994,-0.180759][0.340483,0.782933,0.000000]
[-16.374441,3.859808,-3.308991][-0.971078,0.155994,-0.180759][0.340483,0.782933,0.000000][-17.019695,-0.028745,-0.000000][-0.999998,0.001950,0.000006][0.346666,0.745675,0.000000][-16.678566,3.874435,0.000000][-0.987334,0.158658,0.000175][0.343397,0.783073,0.000000]
[-9.429358,3.659789,-13.996918][-0.538006,0.136732,-0.831778][0.273940,0.781016,0.000000][-9.565301,0.001926,-14.240525][-0.543539,0.002008,-0.839382][0.275243,0.745969,0.000000][-11.967438,3.593593,-11.967412][-0.700791,0.133918,-0.700684][0.298258,0.780382,0.000000]
[-9.429358,3.659789,-13.996918][-0.538006,0.136732,-0.831778][0.273940,0.781016,0.000000][-6.589193,-0.006449,-15.768695][-0.366863,0.001730,-0.930274][0.246727,0.745889,0.000000][-9.565301,0.001926,-14.240525][-0.543539,0.002008,-0.839382][0.275243,0.745969,0.000000]
[-6.498187,3.756666,-15.480616][-0.362067,0.142609,-0.921179][0.245855,0.781945,0.000000][-6.589193,-0.006449,-15.768695][-0.366863,0.001730,-0.930274][0.246727,0.745889,0.000000][-9.429358,3.659789,-13.996918][-0.538006,0.136732,-0.831778][0.273940,0.781016,0.000000]
[-9.001771,7.607524,-13.321373][-0.530534,0.228926,-0.816166][0.269843,0.818841,0.000000][-6.498187,3.756666,-15.480616][-0.362067,0.142609,-0.921179][0.245855,0.781945,0.000000][-9.429358,3.659789,-13.996918][-0.538006,0.136732,-0.831778][0.273940,0.781016,0.000000]
[-11.436331,7.421058,-11.435974][-0.690764,0.234091,-0.684139][0.293169,0.817055,0.000000][-9.429358,3.659789,-13.996918][-0.538006,0.136732,-0.831778][0.273940,0.781016,0.000000][-11.967438,3.593593,-11.967412][-0.700791,0.133918,-0.700684][0.298258,0.780382,0.000000]
[-9.001771,7.607524,-13.321373][-0.530534,0.228926,-0.816166][0.269843,0.818841,0.000000][-9.429358,3.659789,-13.996918][-0.538006,0.136732,-0.831778][0.273940,0.781016,0.000000][-11.436331,7.421058,-11.435974][-0.690764,0.234091,-0.684139][0.293169,0.817055,0.000000]
[-13.997067,3.667453,-9.429345][-0.832512,0.138980,-0.536291][0.317705,0.781090,0.000000][-11.436331,7.421058,-11.435974][-0.690764,0.234091,-0.684139][0.293169,0.817055,0.000000][-11.967438,3.593593,-11.967412][-0.700791,0.133918,-0.700684][0.298258,0.780382,0.000000]
[-10.600913,11.350958,-10.684855][-0.689225,0.303118,-0.658094][0.285165,0.854708,0.000000][-9.001771,7.607524,-13.321373][-0.530534,0.228926,-0.816166][0.269843,0.818841,0.000000][-11.436331,7.421058,-11.435974][-0.690764,0.234091,-0.684139][0.293169,0.817055,0.000000]
[-11.436331,7.421058,-11.435974][-0.690764,0.234091,-0.684139][0.293169,0.817055,0.000000][-13.997067,3.667453,-9.429345][-0.832512,0.138980,-0.536291][0.317705,0.781090,0.000000][-13.279487,7.594378,-9.050319][-0.818537,0.248169,-0.518083][0.310830,0.818715,0.000000]
[-13.279487,7.594378,-9.050319][-0.818537,0.248169,-0.518083][0.310830,0.818715,0.000000][-10.600913,11.350958,-10.684855][-0.689225,0.303118,-0.658094][0.285165,0.854708,0.000000][-11.436331,7.421058,-11.435974][-0.690764,0.234091,-0.684139][0.293169,0.817055,0.000000]
[-15.473356,3.790555,-6.496127][-0.921006,0.148625,-0.360081][0.331850,0.782269,0.000000][-13.279487,7.594378,-9.050319][-0.818537,0.248169,-0.518083][0.310830,0.818715,0.000000][-13.997067,3.667453,-9.429345][-0.832512,0.138980,-0.536291][0.317705,0.781090,0.000000]
[-7.949132,12.242507,-12.544880][-0.574629,0.238459,-0.782904][0.259757,0.863250,0.000000][-9.001771,7.607524,-13.321373][-0.530534,0.228926,-0.816166][0.269843,0.818841,0.000000][-10.600913,11.350958,-10.684855][-0.689225,0.303118,-0.658094][0.285165,0.854708,0.000000]
[-13.279487,7.594378,-9.050319][-0.818537,0.248169,-0.518083][0.310830,0.818715,0.000000][-15.473356,3.790555,-6.496127][-0.921006,0.148625,-0.360081][0.331850,0.782269,0.000000][-14.601025,7.869782,-6.240809][-0.900274,0.267286,-0.343606][0.323492,0.821354,0.000000]
[-16.374441,3.859808,-3.308991][-0.971078,0.155994,-0.180759][0.340483,0.782933,0.000000][-14.601025,7.869782,-6.240809][-0.900274,0.267286,-0.343606][0.323492,0.821354,0.000000][-15.473356,3.790555,-6.496127][-0.921006,0.148625,-0.360081][0.331850,0.782269,0.000000]
[-10.600913,11.350958,-10.684855][-0.689225,0.303118,-0.658094][0.285165,0.854708,0.000000][-13.279487,7.594378,-9.050319][-0.818537,0.248169,-0.518083][0.310830,0.818715,0.000000][-12.109507,11.696548,-8.537814][-0.804738,0.337087,-0.488640][0.299619,0.858019,0.000000]
[-14.601025,7.869782,-6.240809][-0.900274,0.267286,-0.343606][0.323492,0.821354,0.000000][-12.109507,11.696548,-8.537814][-0.804738,0.337087,-0.488640][0.299619,0.858019,0.000000][-13.279487,7.594378,-9.050319][-0.818537,0.248169,-0.518083][0.310830,0.818715,0.000000]
[-12.109507,11.696548,-8.537814][-0.804738,0.337087,-0.488640][0.299619,0.858019,0.000000][-9.931191,14.218460,-9.921121][-0.693627,0.384015,-0.609438][0.278748,0.882183,0.000000][-10.600913,11.350958,-10.684855][-0.689225,0.303118,-0.658094][0.285165,0.854708,0.000000]
[-9.931191,14.218460,-9.921121][-0.693627,0.384015,-0.609438][0.278748,0.882183,0.000000][-7.949132,12.242507,-12.544880][-0.574629,0.238459,-0.782904][0.259757,0.863250,0.000000][-10.600913,11.350958,-10.684855][-0.689225,0.303118,-0.658094][0.285165,0.854708,0.000000]
[-12.109507,11.696548,-8.537814][-0.804738,0.337087,-0.488640][0.299619,0.858019,0.000000][-14.601025,7.869782,-6.240809][-0.900274,0.267286,-0.343606][0.323492,0.821354,0.000000][-13.160592,12.216558,-5.908018][-0.870939,0.369700,-0.323708][0.309690,0.863002,0.000000]
[-14.601025,7.869782,-6.240809][-0.900274,0.267286,-0.343606][0.323492,0.821354,0.000000][-16.374441,3.859808,-3.308991][-0.971078,0.155994,-0.180759][0.340483,0.782933,0.000000][-15.405020,8.031449,-3.177449][-0.944464,0.280945,-0.170464][0.331195,0.822903,0.000000]
[-15.405020,8.031449,-3.177449][-0.944464,0.280945,-0.170464][0.331195,0.822903,0.000000][-13.160592,12.216558,-5.908018][-0.870939,0.369700,-0.323708][0.309690,0.863002,0.000000][-14.601025,7.869782,-6.240809][-0.900274,0.267286,-0.343606][0.323492,0.821354,0.000000]
[-16.678566,3.874435,0.000000][-0.987334,0.158658,0.000175][0.343397,0.783073,0.000000][-15.405020,8.031449,-3.177449][-0.944464,0.280945,-0.170464][0.331195,0.822903,0.000000][-16.374441,3.859808,-3.308991][-0.971078,0.155994,-0.180759][0.340483,0.782933,0.000000]
[-15.405020,8.031449,-3.177449][-0.944464,0.280945,-0.170464][0.331195,0.822903,0.000000][-16.678566,3.874435,0.000000][-0.987334,0.158658,0.000175][0.343397,0.783073,0.000000][-15.676430,8.068097,0.000001][-0.958200,0.286096,0.001279][0.333795,0.823254,0.000000]
[-15.676430,8.068097,0.000001][-0.958200,0.286096,0.001279][0.333795,0.823254,0.000000][-13.811158,12.511810,-3.007653][-0.908196,0.387288,-0.158707][0.315924,0.865831,0.000000][-15.405020,8.031449,-3.177449][-0.944464,0.280945,-0.170464][0.331195,0.822903,0.000000]
[-13.160592,12.216558,-5.908018][-0.870939,0.369700,-0.323708][0.309690,0.863002,0.000000][-15.405020,8.031449,-3.177449][-0.944464,0.280945,-0.170464][0.331195,0.822903,0.000000][-13.811158,12.511810,-3.007653][-0.908196,0.387288,-0.158707][0.315924,0.865831,0.000000]
[-13.811158,12.511810,-3.007653][-0.908196,0.387288,-0.158707][0.315924,0.865831,0.000000][-15.676430,8.068097,0.000001][-0.958200,0.286096,0.001279][0.333795,0.823254,0.000000][-14.032616,12.576222,0.000002][-0.919349,0.393423,0.004098][0.318045,0.866448,0.000000]
[-13.160592,12.216558,-5.908018][-0.870939,0.369700,-0.323708][0.309690,0.863002,0.000000][-10.536698,15.309999,-8.209673][-0.753937,0.455596,-0.473297][0.284550,0.892641,0.000000][-12.109507,11.696548,-8.537814][-0.804738,0.337087,-0.488640][0.299619,0.858019,0.000000]
[-9.931191,14.218460,-9.921121][-0.693627,0.384015,-0.609438][0.278748,0.882183,0.000000][-12.109507,11.696548,-8.537814][-0.804738,0.337087,-0.488640][0.299619,0.858019,0.000000][-10.536698,15.309999,-8.209673][-0.753937,0.455596,-0.473297][0.284550,0.892641,0.000000]
[-13.811158,12.511810,-3.007653][-0.908196,0.387288,-0.158707][0.315924,0.865831,0.000000][-11.206976,16.322874,-5.690104][-0.805768,0.494096,-0.326507][0.290972,0.902346,0.000000][-13.160592,12.216558,-5.908018][-0.870939,0.369700,-0.323708][0.309690,0.863002,0.000000]
[-10.536698,15.309999,-8.209673][-0.753937,0.455596,-0.473297][0.284550,0.892641,0.000000][-13.160592,12.216558,-5.908018][-0.870939,0.369700,-0.323708][0.309690,0.863002,0.000000][-11.206976,16.322874,-5.690104][-0.805768,0.494096,-0.326507][0.290972,0.902346,0.000000]
[-14.032616,12.576222,0.000002][-0.919349,0.393423,0.004098][0.318045,0.866448,0.000000][-11.671108,16.863865,-2.896727][-0.844483,0.511490,-0.158827][0.295419,0.907529,0.000000][-13.811158,12.511810,-3.007653][-0.908196,0.387288,-0.158707][0.315924,0.865831,0.000000]
[-11.206976,16.322874,-5.690104][-0.805768,0.494096,-0.326507][0.290972,0.902346,0.000000][-13.811158,12.511810,-3.007653][-0.908196,0.387288,-0.158707][0.315924,0.865831,0.000000][-11.671108,16.863865,-2.896727][-0.844483,0.511490,-0.158827][0.295419,0.907529,0.000000]
[-11.671108,16.863865,-2.896727][-0.844483,0.511490,-0.158827][0.295419,0.907529,0.000000][-14.032616,12.576222,0.000002][-0.919349,0.393423,0.004098][0.318045,0.866448,0.000000][-11.834863,17.001165,0.000003][-0.856153,0.516656,0.008295][0.296988,0.908845,0.000000]
[-8.354020,15.412293,-10.828523][-0.710206,0.401381,-0.578360][0.263637,0.893621,0.000000][-9.931191,14.218460,-9.921121][-0.693627,0.384015,-0.609438][0.278748,0.882183,0.000000][-10.536698,15.309999,-8.209673][-0.753937,0.455596,-0.473297][0.284550,0.892641,0.000000]
[-8.354020,15.412293,-10.828523][-0.710206,0.401381,-0.578360][0.263637,0.893621,0.000000][-7.949132,12.242507,-12.544880][-0.574629,0.238459,-0.782904][0.259757,0.863250,0.000000][-9.931191,14.218460,-9.921121][-0.693627,0.384015,-0.609438][0.278748,0.882183,0.000000]
[-8.323503,17.727444,-8.800839][-0.649387,0.581351,-0.490232][0.263344,0.915804,0.000000][-10.536698,15.309999,-8.209673][-0.753937,0.455596,-0.473297][0.284550,0.892641,0.000000][-11.206976,16.322874,-5.690104][-0.805768,0.494096,-0.326507][0.290972,0.902346,0.000000]
[-10.536698,15.309999,-8.209673][-0.753937,0.455596,-0.473297][0.284550,0.892641,0.000000][-8.323503,17.727444,-8.800839][-0.649387,0.581351,-0.490232][0.263344,0.915804,0.000000][-8.354020,15.412293,-10.828523][-0.710206,0.401381,-0.578360][0.263637,0.893621,0.000000]
[-11.671108,16.863865,-2.896727][-0.844483,0.511490,-0.158827][0.295419,0.907529,0.000000][-8.779133,19.545443,-5.794011][-0.675595,0.637363,-0.370593][0.267710,0.933223,0.000000][-11.206976,16.322874,-5.690104][-0.805768,0.494096,-0.326507][0.290972,0.902346,0.000000]
[-8.323503,17.727444,-8.800839][-0.649387,0.581351,-0.490232][0.263344,0.915804,0.000000][-11.206976,16.322874,-5.690104][-0.805768,0.494096,-0.326507][0.290972,0.902346,0.000000][-8.779133,19.545443,-5.794011][-0.675595,0.637363,-0.370593][0.267710,0.933223,0.000000]
[-11.834863,17.001165,0.000003][-0.856153,0.516656,0.008295][0.296988,0.908845,0.000000][-9.094252,20.439598,-2.920224][-0.719250,0.670183,-0.183121][0.270729,0.941790,0.000000][-11.671108,16.863865,-2.896727][-0.844483,0.511490,-0.158827][0.295419,0.907529,0.000000]
[-8.779133,19.545443,-5.794011][-0.675595,0.637363,-0.370593][0.267710,0.933223,0.000000][-11.671108,16.863865,-2.896727][-0.844483,0.511490,-0.158827][0.295419,0.907529,0.000000][-9.094252,20.439598,-2.920224][-0.719250,0.670183,-0.183121][0.270729,0.941790,0.000000]
[-9.094252,20.439598,-2.920224][-0.719250,0.670183,-0.183121][0.270729,0.941790,0.000000][-11.834863,17.001165,0.000003][-0.856153,0.516656,0.008295][0.296988,0.908845,0.000000][-9.207635,20.679634,0.000003][-0.733980,0.679044,0.013106][0.271815,0.944090,0.000000]
[-6.273601,23.211487,0.000004][-0.527177,0.849574,0.017568][0.243703,0.968348,0.000000][-9.094252,20.439598,-2.920224][-0.719250,0.670183,-0.183121][0.270729,0.941790,0.000000][-9.207635,20.679634,0.000003][-0.733980,0.679044,0.013106][0.271815,0.944090,0.000000]
[-9.094252,20.439598,-2.920224][-0.719250,0.670183,-0.183121][0.270729,0.941790,0.000000][-6.273601,23.211487,0.000004][-0.527177,0.849574,0.017568][0.243703,0.968348,0.000000][-6.202136,22.884172,-3.022033][-0.511022,0.830262,-0.222536][0.243019,0.965212,0.000000]
[-6.202136,22.884172,-3.022033][-0.511022,0.830262,-0.222536][0.243019,0.965212,0.000000][-8.779133,19.545443,-5.794011][-0.675595,0.637363,-0.370593][0.267710,0.933223,0.000000][-9.094252,20.439598,-2.920224][-0.719250,0.670183,-0.183121][0.270729,0.941790,0.000000]
[-3.171283,24.580296,0.000004][-0.265408,0.963919,0.020447][0.213979,0.981463,0.000000][-6.202136,22.884172,-3.022033][-0.511022,0.830262,-0.222536][0.243019,0.965212,0.000000][-6.273601,23.211487,0.000004][-0.527177,0.849574,0.017568][0.243703,0.968348,0.000000]
[-6.012778,21.737223,-6.001616][-0.459471,0.770127,-0.442481][0.241204,0.954223,0.000000][-8.323503,17.727444,-8.800839][-0.649387,0.581351,-0.490232][0.263344,0.915804,0.000000][-8.779133,19.545443,-5.794011][-0.675595,0.637363,-0.370593][0.267710,0.933223,0.000000]
[-8.779133,19.545443,-5.794011][-0.675595,0.637363,-0.370593][0.267710,0.933223,0.000000][-6.202136,22.884172,-3.022033][-0.511022,0.830262,-0.222536][0.243019,0.965212,0.000000][-6.012778,21.737223,-6.001616][-0.459471,0.770127,-0.442481][0.241204,0.954223,0.000000]
[-6.202136,22.884172,-3.022033][-0.511022,0.830262,-0.222536][0.243019,0.965212,0.000000][-3.171283,24.580296,0.000004][-0.265408,0.963919,0.020447][0.213979,0.981463,0.000000][-3.136721,24.200495,-3.117462][-0.255199,0.932949,-0.253929][0.213648,0.977824,0.000000]
[-3.136721,24.200495,-3.117462][-0.255199,0.932949,-0.253929][0.213648,0.977824,0.000000][-6.012778,21.737223,-6.001616][-0.459471,0.770127,-0.442481][0.241204,0.954223,0.000000][-6.202136,22.884172,-3.022033][-0.511022,0.830262,-0.222536][0.243019,0.965212,0.000000]
[0.000000,25.000000,0.000004][0.000000,0.999772,0.021373][0.183594,0.985485,0.000000][-3.136721,24.200495,-3.117462][-0.255199,0.932949,-0.253929][0.213648,0.977824,0.000000][-3.171283,24.580296,0.000004][-0.265408,0.963919,0.020447][0.213979,0.981463,0.000000]
[-6.012778,21.737223,-6.001616][-0.459471,0.770127,-0.442481][0.241204,0.954223,0.000000][-3.136721,24.200495,-3.117462][-0.255199,0.932949,-0.253929][0.213648,0.977824,0.000000][-3.054868,22.835135,-6.231449][-0.215638,0.836169,-0.504304][0.212864,0.964742,0.000000]
[-3.136721,24.200495,-3.117462][-0.255199,0.932949,-0.253929][0.213648,0.977824,0.000000][0.000000,25.000000,0.000004][0.000000,0.999772,0.021373][0.183594,0.985485,0.000000][0.000000,24.603319,-3.154280][-0.000000,0.964247,-0.265006][0.183594,0.981684,0.000000]
[0.000000,24.603319,-3.154280][-0.000000,0.964247,-0.265006][0.183594,0.981684,0.000000][-3.054868,22.835135,-6.231449][-0.215638,0.836169,-0.504304][0.212864,0.964742,0.000000][-3.136721,24.200495,-3.117462][-0.255199,0.932949,-0.253929][0.213648,0.977824,0.000000]
[0.000000,25.000000,0.000004][0.000000,0.999772,0.021373][0.183594,0.985485,0.000000][3.136721,24.200495,-3.117462][0.255199,0.932949,-0.253929][0.153540,0.977824,0.000000][0.000000,24.603319,-3.154280][-0.000000,0.964247,-0.265006][0.183594,0.981684,0.000000]
[3.054868,22.835135,-6.231449][0.215638,0.836169,-0.504304][0.154324,0.964742,0.000000][0.000000,24.603319,-3.154280][-0.000000,0.964247,-0.265006][0.183594,0.981684,0.000000][3.136721,24.200495,-3.117462][0.255199,0.932949,-0.253929][0.153540,0.977824,0.000000]
[3.136721,24.200495,-3.117462][0.255199,0.932949,-0.253929][0.153540,0.977824,0.000000][6.012777,21.737223,-6.001616][0.459471,0.770127,-0.442481][0.125983,0.954223,0.000000][3.054868,22.835135,-6.231449][0.215638,0.836169,-0.504304][0.154324,0.964742,0.000000]
[-3.054868,22.835135,-6.231449][-0.215638,0.836169,-0.504304][0.212864,0.964742,0.000000][0.000000,24.603319,-3.154280][-0.000000,0.964247,-0.265006][0.183594,0.981684,0.000000][0.000000,23.231228,-6.249886][-0.000000,0.852535,-0.522669][0.183594,0.968537,0.000000]
[0.000000,24.603319,-3.154280][-0.000000,0.964247,-0.265006][0.183594,0.981684,0.000000][3.054868,22.835135,-6.231449][0.215638,0.836169,-0.504304][0.154324,0.964742,0.000000][0.000000,23.231228,-6.249886][-0.000000,0.852535,-0.522669][0.183594,0.968537,0.000000]
[0.000000,20.661272,-9.286892][-0.000000,0.721992,-0.691901][0.183594,0.943914,0.000000][-3.054868,22.835135,-6.231449][-0.215638,0.836169,-0.504304][0.212864,0.964742,0.000000][0.000000,23.231228,-6.249886][-0.000000,0.852535,-0.522669][0.183594,0.968537,0.000000]
[0.000000,23.231228,-6.249886][-0.000000,0.852535,-0.522669][0.183594,0.968537,0.000000][3.054868,22.835135,-6.231449][0.215638,0.836169,-0.504304][0.154324,0.964742,0.000000][0.000000,20.661272,-9.286892][-0.000000,0.721992,-0.691901][0.183594,0.943914,0.000000]
[-3.054868,22.835135,-6.231449][-0.215638,0.836169,-0.504304][0.212864,0.964742,0.000000][-5.830663,19.606054,-9.106580][-0.415059,0.726617,-0.547497][0.239460,0.933804,0.000000][-6.012778,21.737223,-6.001616][-0.459471,0.770127,-0.442481][0.241204,0.954223,0.000000]
[-8.323503,17.727444,-8.800839][-0.649387,0.581351,-0.490232][0.263344,0.915804,0.000000][-6.012778,21.737223,-6.001616][-0.459471,0.770127,-0.442481][0.241204,0.954223,0.000000][-5.830663,19.606054,-9.106580][-0.415059,0.726617,-0.547497][0.239460,0.933804,0.000000]
[-3.054868,22.835135,-6.231449][-0.215638,0.836169,-0.504304][0.212864,0.964742,0.000000][0.000000,20.661272,-9.286892][-0.000000,0.721992,-0.691901][0.183594,0.943914,0.000000][-3.099435,19.923910,-9.773969][-0.126140,0.736278,-0.664819][0.213291,0.936849,0.000000]
[-5.830663,19.606054,-9.106580][-0.415059,0.726617,-0.547497][0.239460,0.933804,0.000000][-3.054868,22.835135,-6.231449][-0.215638,0.836169,-0.504304][0.212864,0.964742,0.000000][-3.099435,19.923910,-9.773969][-0.126140,0.736278,-0.664819][0.213291,0.936849,0.000000]
[3.054868,22.835135,-6.231449][0.215638,0.836169,-0.504304][0.154324,0.964742,0.000000][3.099435,19.923910,-9.773969][0.126140,0.736278,-0.664819][0.153897,0.936849,0.000000][0.000000,20.661272,-9.286892][-0.000000,0.721992,-0.691901][0.183594,0.943914,0.000000]
[5.830663,19.606054,-9.106580][0.415058,0.726618,-0.547497][0.127728,0.933804,0.000000][3.054868,22.835135,-6.231449][0.215638,0.836169,-0.504304][0.154324,0.964742,0.000000][6.012777,21.737223,-6.001616][0.459471,0.770127,-0.442481][0.125983,0.954223,0.000000]
[3.054868,22.835135,-6.231449][0.215638,0.836169,-0.504304][0.154324,0.964742,0.000000][5.830663,19.606054,-9.106580][0.415058,0.726618,-0.547497][0.127728,0.933804,0.000000][3.099435,19.923910,-9.773969][0.126140,0.736278,-0.664819][0.153897,0.936849,0.000000]
[6.012777,21.737223,-6.001616][0.459471,0.770127,-0.442481][0.125983,0.954223,0.000000][8.323503,17.727444,-8.800839][0.649387,0.581351,-0.490232][0.103843,0.915804,0.000000][5.830663,19.606054,-9.106580][0.415058,0.726618,-0.547497][0.127728,0.933804,0.000000]
[3.099435,19.923910,-9.773969][0.126140,0.736278,-0.664819][0.153897,0.936849,0.000000][0.000000,17.814548,-11.733369][-0.000000,0.700086,-0.714059][0.183594,0.916638,0.000000][0.000000,20.661272,-9.286892][-0.000000,0.721992,-0.691901][0.183594,0.943914,0.000000]
[0.000000,17.814548,-11.733369][-0.000000,0.700086,-0.714059][0.183594,0.916638,0.000000][-3.099435,19.923910,-9.773969][-0.126140,0.736278,-0.664819][0.213291,0.936849,0.000000][0.000000,20.661272,-9.286892][-0.000000,0.721992,-0.691901][0.183594,0.943914,0.000000]
[3.099435,19.923910,-9.773969][0.126140,0.736278,-0.664819][0.153897,0.936849,0.000000][5.830663,19.606054,-9.106580][0.415058,0.726618,-0.547497][0.127728,0.933804,0.000000][4.391557,18.450296,-11.219385][0.150785,0.680353,-0.717205][0.141517,0.922730,0.000000]
[8.323503,17.727444,-8.800839][0.649387,0.581351,-0.490232][0.103843,0.915804,0.000000][7.433650,16.835655,-10.873914][0.595545,0.537575,-0.596942][0.112369,0.907259,0.000000][5.830663,19.606054,-9.106580][0.415058,0.726618,-0.547497][0.127728,0.933804,0.000000]
[8.354020,15.412293,-10.828523][0.710206,0.401382,-0.578360][0.103551,0.893621,0.000000][7.433650,16.835655,-10.873914][0.595545,0.537575,-0.596942][0.112369,0.907259,0.000000][8.323503,17.727444,-8.800839][0.649387,0.581351,-0.490232][0.103843,0.915804,0.000000]
[5.830663,19.606054,-9.106580][0.415058,0.726618,-0.547497][0.127728,0.933804,0.000000][5.535011,18.387629,-10.905605][0.318854,0.680059,-0.660191][0.130561,0.922129,0.000000][4.391557,18.450296,-11.219385][0.150785,0.680353,-0.717205][0.141517,0.922730,0.000000]
[5.830663,19.606054,-9.106580][0.415058,0.726618,-0.547497][0.127728,0.933804,0.000000][7.433650,16.835655,-10.873914][0.595545,0.537575,-0.596942][0.112369,0.907259,0.000000][6.144406,18.080839,-10.825317][0.478619,0.614318,-0.627325][0.124722,0.919190,0.000000]
[5.830663,19.606054,-9.106580][0.415058,0.726618,-0.547497][0.127728,0.933804,0.000000][6.144406,18.080839,-10.825317][0.478619,0.614318,-0.627325][0.124722,0.919190,0.000000][5.535011,18.387629,-10.905605][0.318854,0.680059,-0.660191][0.130561,0.922129,0.000000]
[6.144406,18.080839,-10.825317][0.478619,0.614318,-0.627325][0.124722,0.919190,0.000000][5.419944,16.864302,-12.097136][0.309283,0.520367,-0.795966][0.131663,0.907534,0.000000][5.535011,18.387629,-10.905605][0.318854,0.680059,-0.660191][0.130561,0.922129,0.000000]
[7.433650,16.835655,-10.873914][0.595545,0.537575,-0.596942][0.112369,0.907259,0.000000][5.419944,16.864302,-12.097136][0.309283,0.520367,-0.795966][0.131663,0.907534,0.000000][6.144406,18.080839,-10.825317][0.478619,0.614318,-0.627325][0.124722,0.919190,0.000000]
[5.419944,16.864302,-12.097136][0.309283,0.520367,-0.795966][0.131663,0.907534,0.000000][4.391557,18.450296,-11.219385][0.150785,0.680353,-0.717205][0.141517,0.922730,0.000000][5.535011,18.387629,-10.905605][0.318854,0.680059,-0.660191][0.130561,0.922129,0.000000]
[7.433650,16.835655,-10.873914][0.595545,0.537575,-0.596942][0.112369,0.907259,0.000000][8.354020,15.412293,-10.828523][0.710206,0.401382,-0.578360][0.103551,0.893621,0.000000][7.550325,15.749366,-11.632907][0.580279,0.442771,-0.683542][0.111251,0.896851,0.000000]
[5.419944,16.864302,-12.097136][0.309283,0.520367,-0.795966][0.131663,0.907534,0.000000][7.433650,16.835655,-10.873914][0.595545,0.537575,-0.596942][0.112369,0.907259,0.000000][7.550325,15.749366,-11.632907][0.580279,0.442771,-0.683542][0.111251,0.896851,0.000000]
[8.354020,15.412293,-10.828523][0.710206,0.401382,-0.578360][0.103551,0.893621,0.000000][7.969579,14.646590,-11.812717][0.741746,0.248251,-0.623044][0.107234,0.886285,0.000000][7.550325,15.749366,-11.632907][0.580279,0.442771,-0.683542][0.111251,0.896851,0.000000]
[7.949132,12.242507,-12.544880][0.574628,0.238459,-0.782905][0.107430,0.863250,0.000000][7.969579,14.646590,-11.812717][0.741746,0.248251,-0.623044][0.107234,0.886285,0.000000][8.354020,15.412293,-10.828523][0.710206,0.401382,-0.578360][0.103551,0.893621,0.000000]
[7.969579,14.646590,-11.812717][0.741746,0.248251,-0.623044][0.107234,0.886285,0.000000][7.949132,12.242507,-12.544880][0.574628,0.238459,-0.782905][0.107430,0.863250,0.000000][7.208167,14.175145,-12.569361][0.521293,0.295542,-0.800568][0.114530,0.881768,0.000000]
[7.208167,14.175145,-12.569361][0.521293,0.295542,-0.800568][0.114530,0.881768,0.000000][7.550325,15.749366,-11.632907][0.580279,0.442771,-0.683542][0.111251,0.896851,0.000000][7.969579,14.646590,-11.812717][0.741746,0.248251,-0.623044][0.107234,0.886285,0.000000]
[6.138102,13.196898,-13.490343][0.402741,0.239147,-0.883520][0.124782,0.872395,0.000000][7.208167,14.175145,-12.569361][0.521293,0.295542,-0.800568][0.114530,0.881768,0.000000][7.949132,12.242507,-12.544880][0.574628,0.238459,-0.782905][0.107430,0.863250,0.000000]
[5.924274,14.729806,-13.062986][0.367532,0.364176,-0.855743][0.126831,0.887082,0.000000][7.550325,15.749366,-11.632907][0.580279,0.442771,-0.683542][0.111251,0.896851,0.000000][7.208167,14.175145,-12.569361][0.521293,0.295542,-0.800568][0.114530,0.881768,0.000000]
[7.208167,14.175145,-12.569361][0.521293,0.295542,-0.800568][0.114530,0.881768,0.000000][6.138102,13.196898,-13.490343][0.402741,0.239147,-0.883520][0.124782,0.872395,0.000000][5.924274,14.729806,-13.062986][0.367532,0.364176,-0.855743][0.126831,0.887082,0.000000]
[7.550325,15.749366,-11.632907][0.580279,0.442771,-0.683542][0.111251,0.896851,0.000000][5.924274,14.729806,-13.062986][0.367532,0.364176,-0.855743][0.126831,0.887082,0.000000][5.419944,16.864302,-12.097136][0.309283,0.520367,-0.795966][0.131663,0.907534,0.000000]
[4.780402,15.192129,-13.265685][0.244743,0.408998,-0.879103][0.137791,0.891512,0.000000][5.924274,14.729806,-13.062986][0.367532,0.364176,-0.855743][0.126831,0.887082,0.000000][6.138102,13.196898,-13.490343][0.402741,0.239147,-0.883520][0.124782,0.872395,0.000000]
[4.780402,15.192129,-13.265685][0.244743,0.408998,-0.879103][0.137791,0.891512,0.000000][5.419944,16.864302,-12.097136][0.309283,0.520367,-0.795966][0.131663,0.907534,0.000000][5.924274,14.729806,-13.062986][0.367532,0.364176,-0.855743][0.126831,0.887082,0.000000]
[6.138102,13.196898,-13.490343][0.402741,0.239147,-0.883520][0.124782,0.872395,0.000000][3.231568,14.368564,-13.961570][0.228450,0.389437,-0.892272][0.152631,0.883621,0.000000][4.780402,15.192129,-13.265685][0.244743,0.408998,-0.879103][0.137791,0.891512,0.000000]
[6.138102,13.196898,-13.490343][0.402741,0.239147,-0.883520][0.124782,0.872395,0.000000][3.426697,11.803710,-14.719364][0.283739,0.183898,-0.941102][0.150761,0.859046,0.000000][3.231568,14.368564,-13.961570][0.228450,0.389437,-0.892272][0.152631,0.883621,0.000000]
[4.025932,15.834771,-13.046955][0.104713,0.511938,-0.852616][0.145020,0.897669,0.000000][5.419944,16.864302,-12.097136][0.309283,0.520367,-0.795966][0.131663,0.907534,0.000000][4.780402,15.192129,-13.265685][0.244743,0.408998,-0.879103][0.137791,0.891512,0.000000]
[4.780402,15.192129,-13.265685][0.244743,0.408998,-0.879103][0.137791,0.891512,0.000000][3.231568,14.368564,-13.961570][0.228450,0.389437,-0.892272][0.152631,0.883621,0.000000][4.025932,15.834771,-13.046955][0.104713,0.511938,-0.852616][0.145020,0.897669,0.000000]
[4.391557,18.450296,-11.219385][0.150785,0.680353,-0.717205][0.141517,0.922730,0.000000][5.419944,16.864302,-12.097136][0.309283,0.520367,-0.795966][0.131663,0.907534,0.000000][3.587381,17.969330,-11.687243][-0.007257,0.628069,-0.778124][0.149222,0.918121,0.000000]
[3.099435,19.923910,-9.773969][0.126140,0.736278,-0.664819][0.153897,0.936849,0.000000][4.391557,18.450296,-11.219385][0.150785,0.680353,-0.717205][0.141517,0.922730,0.000000][3.587381,17.969330,-11.687243][-0.007257,0.628069,-0.778124][0.149222,0.918121,0.000000]
[5.419944,16.864302,-12.097136][0.309283,0.520367,-0.795966][0.131663,0.907534,0.000000][4.025932,15.834771,-13.046955][0.104713,0.511938,-0.852616][0.145020,0.897669,0.000000][3.535175,16.892658,-12.440734][0.045034,0.545203,-0.837094][0.149722,0.907805,0.000000]
[3.587381,17.969330,-11.687243][-0.007257,0.628069,-0.778124][0.149222,0.918121,0.000000][5.419944,16.864302,-12.097136][0.309283,0.520367,-0.795966][0.131663,0.907534,0.000000][3.535175,16.892658,-12.440734][0.045034,0.545203,-0.837094][0.149722,0.907805,0.000000]
[3.535175,16.892658,-12.440734][0.045034,0.545203,-0.837094][0.149722,0.907805,0.000000][4.025932,15.834771,-13.046955][0.104713,0.511938,-0.852616][0.145020,0.897669,0.000000][3.118438,16.074871,-12.901097][-0.023407,0.516814,-0.855778][0.153715,0.899970,0.000000]
[3.231568,14.368564,-13.961570][0.228450,0.389437,-0.892272][0.152631,0.883621,0.000000][3.118438,16.074871,-12.901097][-0.023407,0.516814,-0.855778][0.153715,0.899970,0.000000][4.025932,15.834771,-13.046955][0.104713,0.511938,-0.852616][0.145020,0.897669,0.000000]
[2.371333,16.997168,-12.302728][0.053116,0.634176,-0.771362][0.160873,0.908807,0.000000][3.587381,17.969330,-11.687243][-0.007257,0.628069,-0.778124][0.149222,0.918121,0.000000][3.535175,16.892658,-12.440734][0.045034,0.545203,-0.837094][0.149722,0.907805,0.000000]
[3.099435,19.923910,-9.773969][0.126140,0.736278,-0.664819][0.153897,0.936849,0.000000][3.587381,17.969330,-11.687243][-0.007257,0.628069,-0.778124][0.149222,0.918121,0.000000][2.371333,16.997168,-12.302728][0.053116,0.634176,-0.771362][0.160873,0.908807,0.000000]
[3.118438,16.074871,-12.901097][-0.023407,0.516814,-0.855778][0.153715,0.899970,0.000000][2.371333,16.997168,-12.302728][0.053116,0.634176,-0.771362][0.160873,0.908807,0.000000][3.535175,16.892658,-12.440734][0.045034,0.545203,-0.837094][0.149722,0.907805,0.000000]
[3.118438,16.074871,-12.901097][-0.023407,0.516814,-0.855778][0.153715,0.899970,0.000000][3.231568,14.368564,-13.961570][0.228450,0.389437,-0.892272][0.152631,0.883621,0.000000][2.371333,16.997168,-12.302728][0.053116,0.634176,-0.771362][0.160873,0.908807,0.000000]
[0.000000,17.814548,-11.733369][-0.000000,0.700086,-0.714059][0.183594,0.916638,0.000000][3.099435,19.923910,-9.773969][0.126140,0.736278,-0.664819][0.153897,0.936849,0.000000][2.371333,16.997168,-12.302728][0.053116,0.634176,-0.771362][0.160873,0.908807,0.000000]
[3.426697,11.803710,-14.719364][0.283739,0.183898,-0.941102][0.150761,0.859046,0.000000][1.479267,12.964751,-15.028692][0.177959,0.272298,-0.945613][0.169420,0.870171,0.000000][3.231568,14.368564,-13.961570][0.228450,0.389437,-0.892272][0.152631,0.883621,0.000000]
[3.231568,14.368564,-13.961570][0.228450,0.389437,-0.892272][0.152631,0.883621,0.000000][1.479267,12.964751,-15.028692][0.177959,0.272298,-0.945613][0.169420,0.870171,0.000000][2.099352,14.462050,-14.217753][0.193388,0.453163,-0.870198][0.163479,0.884517,0.000000]
[1.761851,15.555087,-13.653913][0.282217,0.566435,-0.774277][0.166713,0.894989,0.000000][2.371333,16.997168,-12.302728][0.053116,0.634176,-0.771362][0.160873,0.908807,0.000000][3.231568,14.368564,-13.961570][0.228450,0.389437,-0.892272][0.152631,0.883621,0.000000]
[1.761851,15.555087,-13.653913][0.282217,0.566435,-0.774277][0.166713,0.894989,0.000000][3.231568,14.368564,-13.961570][0.228450,0.389437,-0.892272][0.152631,0.883621,0.000000][2.099352,14.462050,-14.217753][0.193388,0.453163,-0.870198][0.163479,0.884517,0.000000]
[1.479267,12.964751,-15.028692][0.177959,0.272298,-0.945613][0.169420,0.870171,0.000000][1.219525,14.155835,-14.523910][0.208489,0.348864,-0.913688][0.171909,0.881583,0.000000][2.099352,14.462050,-14.217753][0.193388,0.453163,-0.870198][0.163479,0.884517,0.000000]
[1.219525,14.155835,-14.523910][0.208489,0.348864,-0.913688][0.171909,0.881583,0.000000][1.761851,15.555087,-13.653913][0.282217,0.566435,-0.774277][0.166713,0.894989,0.000000][2.099352,14.462050,-14.217753][0.193388,0.453163,-0.870198][0.163479,0.884517,0.000000]
[1.479267,12.964751,-15.028692][0.177959,0.272298,-0.945613][0.169420,0.870171,0.000000][0.000000,13.859325,-14.765425][0.000000,0.286231,-0.958161][0.183594,0.878742,0.000000][1.219525,14.155835,-14.523910][0.208489,0.348864,-0.913688][0.171909,0.881583,0.000000]
[0.000000,13.859325,-14.765425][0.000000,0.286231,-0.958161][0.183594,0.878742,0.000000][1.479267,12.964751,-15.028692][0.177959,0.272298,-0.945613][0.169420,0.870171,0.000000][0.000000,12.739543,-15.241726][0.000000,0.234663,-0.972077][0.183594,0.868013,0.000000]
[-1.479267,12.964751,-15.028692][-0.177959,0.272298,-0.945613][0.197767,0.870171,0.000000][0.000000,13.859325,-14.765425][0.000000,0.286231,-0.958161][0.183594,0.878742,0.000000][0.000000,12.739543,-15.241726][0.000000,0.234663,-0.972077][0.183594,0.868013,0.000000]
[0.773620,14.716383,-14.560142][0.242314,0.286886,-0.926812][0.176181,0.886954,0.000000][1.219525,14.155835,-14.523910][0.208489,0.348864,-0.913688][0.171909,0.881583,0.000000][0.000000,13.859325,-14.765425][0.000000,0.286231,-0.958161][0.183594,0.878742,0.000000]
[0.773620,14.716383,-14.560142][0.242314,0.286886,-0.926812][0.176181,0.886954,0.000000][1.761851,15.555087,-13.653913][0.282217,0.566435,-0.774277][0.166713,0.894989,0.000000][1.219525,14.155835,-14.523910][0.208489,0.348864,-0.913688][0.171909,0.881583,0.000000]
[0.000000,13.859325,-14.765425][0.000000,0.286231,-0.958161][0.183594,0.878742,0.000000][-1.479267,12.964751,-15.028692][-0.177959,0.272298,-0.945613][0.197767,0.870171,0.000000][-1.219525,14.155835,-14.523910][-0.208489,0.348864,-0.913688][0.195278,0.881583,0.000000]
[-1.479267,12.964751,-15.028692][-0.177959,0.272298,-0.945613][0.197767,0.870171,0.000000][-2.099352,14.462055,-14.217752][-0.193389,0.453163,-0.870197][0.203708,0.884517,0.000000][-1.219525,14.155835,-14.523910][-0.208489,0.348864,-0.913688][0.195278,0.881583,0.000000]
[0.000000,14.736485,-14.616411][0.000000,0.288134,-0.957590][0.183594,0.887146,0.000000][0.773620,14.716383,-14.560142][0.242314,0.286886,-0.926812][0.176181,0.886954,0.000000][0.000000,13.859325,-14.765425][0.000000,0.286231,-0.958161][0.183594,0.878742,0.000000]
[1.761851,15.555087,-13.653913][0.282217,0.566435,-0.774277][0.166713,0.894989,0.000000][0.773620,14.716383,-14.560142][0.242314,0.286886,-0.926812][0.176181,0.886954,0.000000][1.014850,15.528275,-14.131530][0.300503,0.574339,-0.761467][0.173870,0.894733,0.000000]
[0.000000,14.736485,-14.616411][0.000000,0.288134,-0.957590][0.183594,0.887146,0.000000][1.014850,15.528275,-14.131530][0.300503,0.574339,-0.761467][0.173870,0.894733,0.000000][0.773620,14.716383,-14.560142][0.242314,0.286886,-0.926812][0.176181,0.886954,0.000000]
[-0.773620,14.716383,-14.560142][-0.242314,0.286886,-0.926812][0.191006,0.886954,0.000000][0.000000,13.859325,-14.765425][0.000000,0.286231,-0.958161][0.183594,0.878742,0.000000][-1.219525,14.155835,-14.523910][-0.208489,0.348864,-0.913688][0.195278,0.881583,0.000000]
[0.000000,14.736485,-14.616411][0.000000,0.288134,-0.957590][0.183594,0.887146,0.000000][0.000000,13.859325,-14.765425][0.000000,0.286231,-0.958161][0.183594,0.878742,0.000000][-0.773620,14.716383,-14.560142][-0.242314,0.286886,-0.926812][0.191006,0.886954,0.000000]
[-1.219525,14.155835,-14.523910][-0.208489,0.348864,-0.913688][0.195278,0.881583,0.000000][-2.099352,14.462055,-14.217752][-0.193389,0.453163,-0.870197][0.203708,0.884517,0.000000][-1.761851,15.555087,-13.653913][-0.282217,0.566435,-0.774277][0.200475,0.894989,0.000000]
[-1.761851,15.555087,-13.653913][-0.282217,0.566435,-0.774277][0.200475,0.894989,0.000000][-0.773620,14.716383,-14.560142][-0.242314,0.286886,-0.926812][0.191006,0.886954,0.000000][-1.219525,14.155835,-14.523910][-0.208489,0.348864,-0.913688][0.195278,0.881583,0.000000]
[-1.014850,15.528275,-14.131530][-0.300502,0.574339,-0.761467][0.193317,0.894733,0.000000][0.000000,14.736485,-14.616411][0.000000,0.288134,-0.957590][0.183594,0.887146,0.000000][-0.773620,14.716383,-14.560142][-0.242314,0.286886,-0.926812][0.191006,0.886954,0.000000]
[-0.773620,14.716383,-14.560142][-0.242314,0.286886,-0.926812][0.191006,0.886954,0.000000][-1.761851,15.555087,-13.653913][-0.282217,0.566435,-0.774277][0.200475,0.894989,0.000000][-1.014850,15.528275,-14.131530][-0.300502,0.574339,-0.761467][0.193317,0.894733,0.000000]
[1.014850,15.528275,-14.131530][0.300503,0.574339,-0.761467][0.173870,0.894733,0.000000][0.000000,14.736485,-14.616411][0.000000,0.288134,-0.957590][0.183594,0.887146,0.000000][0.000000,15.808001,-14.081320][-0.000000,0.690338,-0.723487][0.183594,0.897413,0.000000]
[0.000000,14.736485,-14.616411][0.000000,0.288134,-0.957590][0.183594,0.887146,0.000000][-1.014850,15.528275,-14.131530][-0.300502,0.574339,-0.761467][0.193317,0.894733,0.000000][0.000000,15.808001,-14.081320][-0.000000,0.690338,-0.723487][0.183594,0.897413,0.000000]
[0.000000,16.262041,-13.487563][0.000000,0.716243,-0.697851][0.183594,0.901763,0.000000][1.014850,15.528275,-14.131530][0.300503,0.574339,-0.761467][0.173870,0.894733,0.000000][0.000000,15.808001,-14.081320][-0.000000,0.690338,-0.723487][0.183594,0.897413,0.000000]
[-1.014850,15.528275,-14.131530][-0.300502,0.574339,-0.761467][0.193317,0.894733,0.000000][0.000000,16.262041,-13.487563][0.000000,0.716243,-0.697851][0.183594,0.901763,0.000000][0.000000,15.808001,-14.081320][-0.000000,0.690338,-0.723487][0.183594,0.897413,0.000000]
[-6.340833,-16.772139,6.307228][-0.381436,-0.841867,0.381794][0.582884,0.599129,0.000000][-8.715717,-13.972720,8.693306][-0.508309,-0.694779,0.508826][0.604783,0.624943,0.000000][-9.163065,-15.210741,6.029811][-0.563989,-0.751189,0.342975][0.608909,0.613527,0.000000]
[-8.715717,-13.972720,8.693306][-0.508309,-0.694779,0.508826][0.604783,0.624943,0.000000][-6.340833,-16.772139,6.307228][-0.381436,-0.841867,0.381794][0.582884,0.599129,0.000000][-6.056822,-15.208498,9.135262][-0.342591,-0.751444,0.563882][0.580265,0.613548,0.000000]
[-10.834142,-12.239689,8.412798][-0.673422,-0.575521,0.463981][0.624318,0.640924,0.000000][-9.163065,-15.210741,6.029811][-0.563989,-0.751189,0.342975][0.608909,0.613527,0.000000][-8.715717,-13.972720,8.693306][-0.508309,-0.694779,0.508826][0.604783,0.624943,0.000000]
[-9.163065,-15.210741,6.029811][-0.563989,-0.751189,0.342975][0.608909,0.613527,0.000000][-6.565163,-17.695131,3.213785][-0.408126,-0.892712,0.191043][0.584953,0.590618,0.000000][-6.340833,-16.772139,6.307228][-0.381436,-0.841867,0.381794][0.582884,0.599129,0.000000]
[-8.715717,-13.972720,8.693306][-0.508309,-0.694779,0.508826][0.604783,0.624943,0.000000][-10.146316,-11.456539,10.138326][-0.605395,-0.515972,0.606027][0.617975,0.648145,0.000000][-10.834142,-12.239689,8.412798][-0.673422,-0.575521,0.463981][0.624318,0.640924,0.000000]
[-9.163065,-15.210741,6.029811][-0.563989,-0.751189,0.342975][0.608909,0.613527,0.000000][-10.834142,-12.239689,8.412798][-0.673422,-0.575521,0.463981][0.624318,0.640924,0.000000][-11.542194,-13.021365,5.882140][-0.723026,-0.614285,0.316049][0.630847,0.633716,0.000000]
[-6.056822,-15.208498,9.135262][-0.342591,-0.751444,0.563882][0.580265,0.613548,0.000000][-8.424973,-12.236287,10.821974][-0.463171,-0.575925,0.673635][0.602103,0.640955,0.000000][-8.715717,-13.972720,8.693306][-0.508309,-0.694779,0.508826][0.604783,0.624943,0.000000]
[-10.146316,-11.456539,10.138326][-0.605395,-0.515972,0.606027][0.617975,0.648145,0.000000][-8.715717,-13.972720,8.693306][-0.508309,-0.694779,0.508826][0.604783,0.624943,0.000000][-8.424973,-12.236287,10.821974][-0.463171,-0.575925,0.673635][0.602103,0.640955,0.000000]
[-3.236820,-17.695131,6.534535][-0.190770,-0.892629,0.408436][0.554261,0.590618,0.000000][-6.056822,-15.208498,9.135262][-0.342591,-0.751444,0.563882][0.580265,0.613548,0.000000][-6.340833,-16.772139,6.307228][-0.381436,-0.841867,0.381794][0.582884,0.599129,0.000000]
[-12.302920,-9.763188,8.680892][-0.772476,-0.416498,0.479385][0.637862,0.663760,0.000000][-10.834142,-12.239689,8.412798][-0.673422,-0.575521,0.463981][0.624318,0.640924,0.000000][-10.146316,-11.456539,10.138326][-0.605395,-0.515972,0.606027][0.617975,0.648145,0.000000]
[-6.340833,-16.772139,6.307228][-0.381436,-0.841867,0.381794][0.582884,0.599129,0.000000][-3.350804,-18.736914,3.329781][-0.204511,-0.957143,0.205068][0.555313,0.581012,0.000000][-3.236820,-17.695131,6.534535][-0.190770,-0.892629,0.408436][0.554261,0.590618,0.000000]
[-3.350804,-18.736914,3.329781][-0.204511,-0.957143,0.205068][0.555313,0.581012,0.000000][-6.340833,-16.772139,6.307228][-0.381436,-0.841867,0.381794][0.582884,0.599129,0.000000][-6.565163,-17.695131,3.213785][-0.408126,-0.892712,0.191043][0.584953,0.590618,0.000000]
[-6.565163,-17.695131,3.213785][-0.408126,-0.892712,0.191043][0.584953,0.590618,0.000000][-3.391316,-19.079264,-0.000003][-0.209236,-0.977865,-0.000000][0.555686,0.577855,0.000000][-3.350804,-18.736914,3.329781][-0.204511,-0.957143,0.205068][0.555313,0.581012,0.000000]
[-3.391316,-19.079264,-0.000003][-0.209236,-0.977865,-0.000000][0.555686,0.577855,0.000000][-6.565163,-17.695131,3.213785][-0.408126,-0.892712,0.191043][0.584953,0.590618,0.000000][-6.645216,-17.997353,-0.000003][-0.416996,-0.908908,-0.000000][0.585691,0.587831,0.000000]
[0.000000,-19.435513,-0.000003][-0.000000,-1.000000,-0.000000][0.524414,0.574570,0.000000][-3.350804,-18.736914,3.329781][-0.204511,-0.957143,0.205068][0.555313,0.581012,0.000000][-3.391316,-19.079264,-0.000003][-0.209236,-0.977865,-0.000000][0.555686,0.577855,0.000000]
[-9.502525,-15.945655,3.074940][-0.597421,-0.783206,0.172270][0.612039,0.606750,0.000000][-6.645216,-17.997353,-0.000003][-0.416996,-0.908908,-0.000000][0.585691,0.587831,0.000000][-6.565163,-17.695131,3.213785][-0.408126,-0.892712,0.191043][0.584953,0.590618,0.000000]
[-6.565163,-17.695131,3.213785][-0.408126,-0.892712,0.191043][0.584953,0.590618,0.000000][-9.163065,-15.210741,6.029811][-0.563989,-0.751189,0.342975][0.608909,0.613527,0.000000][-9.502525,-15.945655,3.074940][-0.597421,-0.783206,0.172270][0.612039,0.606750,0.000000]
[-6.645216,-17.997353,-0.000003][-0.416996,-0.908908,-0.000000][0.585691,0.587831,0.000000][-9.502525,-15.945655,3.074940][-0.597421,-0.783206,0.172270][0.612039,0.606750,0.000000][-9.623117,-16.186113,-0.000003][-0.608203,-0.793781,-0.000000][0.613151,0.604533,0.000000]
[-11.542194,-13.021365,5.882140][-0.723026,-0.614285,0.316049][0.630847,0.633716,0.000000][-9.502525,-15.945655,3.074940][-0.597421,-0.783206,0.172270][0.612039,0.606750,0.000000][-9.163065,-15.210741,6.029811][-0.563989,-0.751189,0.342975][0.608909,0.613527,0.000000]
[-12.026911,-13.532312,3.004895][-0.753344,-0.637803,0.160247][0.635317,0.629004,0.000000][-9.623117,-16.186113,-0.000003][-0.608203,-0.793781,-0.000000][0.613151,0.604533,0.000000][-9.502525,-15.945655,3.074940][-0.597421,-0.783206,0.172270][0.612039,0.606750,0.000000]
[-9.502525,-15.945655,3.074940][-0.597421,-0.783206,0.172270][0.612039,0.606750,0.000000][-11.542194,-13.021365,5.882140][-0.723026,-0.614285,0.316049][0.630847,0.633716,0.000000][-12.026911,-13.532312,3.004895][-0.753344,-0.637803,0.160247][0.635317,0.629004,0.000000]
[-9.623117,-16.186113,-0.000003][-0.608203,-0.793781,-0.000000][0.613151,0.604533,0.000000][-12.026911,-13.532312,3.004895][-0.753344,-0.637803,0.160247][0.635317,0.629004,0.000000][-12.195167,-13.702940,-0.000002][-0.763572,-0.645723,-0.000000][0.636868,0.627431,0.000000]
[-12.026911,-13.532312,3.004895][-0.753344,-0.637803,0.160247][0.635317,0.629004,0.000000][-14.266287,-10.672859,-0.000002][-0.873244,-0.487284,-0.000000][0.655967,0.655372,0.000000][-12.195167,-13.702940,-0.000002][-0.763572,-0.645723,-0.000000][0.636868,0.627431,0.000000]
[-14.266287,-10.672859,-0.000002][-0.873244,-0.487284,-0.000000][0.655967,0.655372,0.000000][-12.026911,-13.532312,3.004895][-0.753344,-0.637803,0.160247][0.635317,0.629004,0.000000][-14.042366,-10.559535,3.069352][-0.862125,-0.479797,0.162899][0.653902,0.656417,0.000000]
[-11.542194,-13.021365,5.882140][-0.723026,-0.614285,0.316049][0.630847,0.633716,0.000000][-14.042366,-10.559535,3.069352][-0.862125,-0.479797,0.162899][0.653902,0.656417,0.000000][-12.026911,-13.532312,3.004895][-0.753344,-0.637803,0.160247][0.635317,0.629004,0.000000]
[-14.042366,-10.559535,3.069352][-0.862125,-0.479797,0.162899][0.653902,0.656417,0.000000][-15.783306,-7.294492,-0.000001][-0.944002,-0.329940,0.000000][0.669955,0.686525,0.000000][-14.266287,-10.672859,-0.000002][-0.873244,-0.487284,-0.000000][0.655967,0.655372,0.000000]
[-14.042366,-10.559535,3.069352][-0.862125,-0.479797,0.162899][0.653902,0.656417,0.000000][-11.542194,-13.021365,5.882140][-0.723026,-0.614285,0.316049][0.630847,0.633716,0.000000][-13.379761,-10.225690,6.019347][-0.829296,-0.456408,0.322429][0.647792,0.659495,0.000000]
[-10.834142,-12.239689,8.412798][-0.673422,-0.575521,0.463981][0.624318,0.640924,0.000000][-13.379761,-10.225690,6.019347][-0.829296,-0.456408,0.322429][0.647792,0.659495,0.000000][-11.542194,-13.021365,5.882140][-0.723026,-0.614285,0.316049][0.630847,0.633716,0.000000]
[-15.783306,-7.294492,-0.000001][-0.944002,-0.329940,0.000000][0.669955,0.686525,0.000000][-14.042366,-10.559535,3.069352][-0.862125,-0.479797,0.162899][0.653902,0.656417,0.000000][-15.510513,-7.223724,3.203815][-0.929924,-0.324251,0.173499][0.667440,0.687177,0.000000]
[-13.379761,-10.225690,6.019347][-0.829296,-0.456408,0.322429][0.647792,0.659495,0.000000][-15.510513,-7.223724,3.203815][-0.929924,-0.324251,0.173499][0.667440,0.687177,0.000000][-14.042366,-10.559535,3.069352][-0.862125,-0.479797,0.162899][0.653902,0.656417,0.000000]
[-15.510513,-7.223724,3.203815][-0.929924,-0.324251,0.173499][0.667440,0.687177,0.000000][-16.711605,-3.733768,-0.000001][-0.985988,-0.166818,-0.000000][0.678515,0.719359,0.000000][-15.783306,-7.294492,-0.000001][-0.944002,-0.329940,0.000000][0.669955,0.686525,0.000000]
[-13.379761,-10.225690,6.019347][-0.829296,-0.456408,0.322429][0.647792,0.659495,0.000000][-10.834142,-12.239689,8.412798][-0.673422,-0.575521,0.463981][0.624318,0.640924,0.000000][-12.302920,-9.763188,8.680892][-0.772476,-0.416498,0.479385][0.637862,0.663760,0.000000]
[-16.711605,-3.733768,-0.000001][-0.985988,-0.166818,-0.000000][0.678515,0.719359,0.000000][-15.510513,-7.223724,3.203815][-0.929924,-0.324251,0.173499][0.667440,0.687177,0.000000][-16.406704,-3.696539,3.316720][-0.969498,-0.163800,0.182326][0.675704,0.719702,0.000000]
[-15.510513,-7.223724,3.203815][-0.929924,-0.324251,0.173499][0.667440,0.687177,0.000000][-13.379761,-10.225690,6.019347][-0.829296,-0.456408,0.322429][0.647792,0.659495,0.000000][-14.700417,-7.015301,6.288369][-0.886904,-0.307357,0.344866][0.659970,0.689099,0.000000]
[-12.302920,-9.763188,8.680892][-0.772476,-0.416498,0.479385][0.637862,0.663760,0.000000][-14.700417,-7.015301,6.288369][-0.886904,-0.307357,0.344866][0.659970,0.689099,0.000000][-13.379761,-10.225690,6.019347][-0.829296,-0.456408,0.322429][0.647792,0.659495,0.000000]
[-14.700417,-7.015301,6.288369][-0.886904,-0.307357,0.344866][0.659970,0.689099,0.000000][-16.406704,-3.696539,3.316720][-0.969498,-0.163800,0.182326][0.675704,0.719702,0.000000][-15.510513,-7.223724,3.203815][-0.929924,-0.324251,0.173499][0.667440,0.687177,0.000000]
[-16.406704,-3.696539,3.316720][-0.969498,-0.163800,0.182326][0.675704,0.719702,0.000000][-17.019695,-0.028745,-0.000000][-0.999998,0.001950,0.000006][0.681356,0.753523,0.000000][-16.711605,-3.733768,-0.000001][-0.985988,-0.166818,-0.000000][0.678515,0.719359,0.000000]
[-14.700417,-7.015301,6.288369][-0.886904,-0.307357,0.344866][0.659970,0.689099,0.000000][-12.302920,-9.763188,8.680892][-0.772476,-0.416498,0.479385][0.637862,0.663760,0.000000][-13.366624,-6.738673,9.112283][-0.808975,-0.283304,0.515071][0.647671,0.691650,0.000000]
[-16.406704,-3.696539,3.316720][-0.969498,-0.163800,0.182326][0.675704,0.719702,0.000000][-14.700417,-7.015301,6.288369][-0.886904,-0.307357,0.344866][0.659970,0.689099,0.000000][-15.502949,-3.589426,6.509769][-0.919343,-0.155356,0.361487][0.667370,0.720690,0.000000]
[-13.366624,-6.738673,9.112283][-0.808975,-0.283304,0.515071][0.647671,0.691650,0.000000][-15.502949,-3.589426,6.509769][-0.919343,-0.155356,0.361487][0.667370,0.720690,0.000000][-14.700417,-7.015301,6.288369][-0.886904,-0.307357,0.344866][0.659970,0.689099,0.000000]
[-17.019695,-0.028745,-0.000000][-0.999998,0.001950,0.000006][0.681356,0.753523,0.000000][-16.406704,-3.696539,3.316720][-0.969498,-0.163800,0.182326][0.675704,0.719702,0.000000][-16.703964,-0.019279,3.357334][-0.982716,0.002089,0.185109][0.678445,0.753611,0.000000]
[-15.502949,-3.589426,6.509769][-0.919343,-0.155356,0.361487][0.667370,0.720690,0.000000][-16.703964,-0.019279,3.357334][-0.982716,0.002089,0.185109][0.678445,0.753611,0.000000][-16.406704,-3.696539,3.316720][-0.969498,-0.163800,0.182326][0.675704,0.719702,0.000000]
[-16.374441,3.858016,3.308992][-0.970928,0.156463,0.181160][0.675406,0.789364,0.000000][-17.019695,-0.028745,-0.000000][-0.999998,0.001950,0.000006][0.681356,0.753523,0.000000][-16.703964,-0.019279,3.357334][-0.982716,0.002089,0.185109][0.678445,0.753611,0.000000]
[-17.019695,-0.028745,-0.000000][-0.999998,0.001950,0.000006][0.681356,0.753523,0.000000][-16.374441,3.858016,3.308992][-0.970928,0.156463,0.181160][0.675406,0.789364,0.000000][-16.678566,3.874435,0.000000][-0.987334,0.158658,0.000175][0.678211,0.789515,0.000000]
[-16.703964,-0.019279,3.357334][-0.982716,0.002089,0.185109][0.678445,0.753611,0.000000][-15.502949,-3.589426,6.509769][-0.919343,-0.155356,0.361487][0.667370,0.720690,0.000000][-15.768903,-0.002981,6.589266][-0.930313,0.002265,0.366759][0.669822,0.753761,0.000000]
[-10.816302,-9.458013,10.813252][-0.650733,-0.390331,0.651297][0.624153,0.666574,0.000000][-13.366624,-6.738673,9.112283][-0.808975,-0.283304,0.515071][0.647671,0.691650,0.000000][-12.302920,-9.763188,8.680892][-0.772476,-0.416498,0.479385][0.637862,0.663760,0.000000]
[-12.302920,-9.763188,8.680892][-0.772476,-0.416498,0.479385][0.637862,0.663760,0.000000][-10.146316,-11.456539,10.138326][-0.605395,-0.515972,0.606027][0.617975,0.648145,0.000000][-10.816302,-9.458013,10.813252][-0.650733,-0.390331,0.651297][0.624153,0.666574,0.000000]
[-15.502949,-3.589426,6.509769][-0.919343,-0.155356,0.361487][0.667370,0.720690,0.000000][-13.366624,-6.738673,9.112283][-0.808975,-0.283304,0.515071][0.647671,0.691650,0.000000][-14.022214,-3.452448,9.446838][-0.831378,-0.144589,0.536567][0.653716,0.721953,0.000000]
[-14.022214,-3.452448,9.446838][-0.831378,-0.144589,0.536567][0.653716,0.721953,0.000000][-15.768903,-0.002981,6.589266][-0.930313,0.002265,0.366759][0.669822,0.753761,0.000000][-15.502949,-3.589426,6.509769][-0.919343,-0.155356,0.361487][0.667370,0.720690,0.000000]
[-13.366624,-6.738673,9.112283][-0.808975,-0.283304,0.515071][0.647671,0.691650,0.000000][-10.816302,-9.458013,10.813252][-0.650733,-0.390331,0.651297][0.624153,0.666574,0.000000][-11.509851,-6.586420,11.509175][-0.680638,-0.270326,0.680922][0.630549,0.693054,0.000000]
[-11.509851,-6.586420,11.509175][-0.680638,-0.270326,0.680922][0.630549,0.693054,0.000000][-14.022214,-3.452448,9.446838][-0.831378,-0.144589,0.536567][0.653716,0.721953,0.000000][-13.366624,-6.738673,9.112283][-0.808975,-0.283304,0.515071][0.647671,0.691650,0.000000]
[-10.816302,-9.458013,10.813252][-0.650733,-0.390331,0.651297][0.624153,0.666574,0.000000][-10.146316,-11.456539,10.138326][-0.605395,-0.515972,0.606027][0.617975,0.648145,0.000000][-8.685118,-9.758676,12.298577][-0.478802,-0.417005,0.772564][0.604501,0.663802,0.000000]
[-8.424973,-12.236287,10.821974][-0.463171,-0.575925,0.673635][0.602103,0.640955,0.000000][-8.685118,-9.758676,12.298577][-0.478802,-0.417005,0.772564][0.604501,0.663802,0.000000][-10.146316,-11.456539,10.138326][-0.605395,-0.515972,0.606027][0.617975,0.648145,0.000000]
[-11.509851,-6.586420,11.509175][-0.680638,-0.270326,0.680922][0.630549,0.693054,0.000000][-10.816302,-9.458013,10.813252][-0.650733,-0.390331,0.651297][0.624153,0.666574,0.000000][-9.113158,-6.735071,13.365537][-0.514785,-0.283578,0.809061][0.608448,0.691683,0.000000]
[-9.113158,-6.735071,13.365537][-0.514785,-0.283578,0.809061][0.608448,0.691683,0.000000][-10.816302,-9.458013,10.813252][-0.650733,-0.390331,0.651297][0.624153,0.666574,0.000000][-8.685118,-9.758676,12.298577][-0.478802,-0.417005,0.772564][0.604501,0.663802,0.000000]
[-14.022214,-3.452448,9.446838][-0.831378,-0.144589,0.536567][0.653716,0.721953,0.000000][-11.509851,-6.586420,11.509175][-0.680638,-0.270326,0.680922][0.630549,0.693054,0.000000][-11.988329,-3.382148,11.988230][-0.700170,-0.139234,0.700268][0.634961,0.722601,0.000000]
[-9.446869,-3.451187,14.021920][-0.536481,-0.144717,0.831411][0.611526,0.721964,0.000000][-11.509851,-6.586420,11.509175][-0.680638,-0.270326,0.680922][0.630549,0.693054,0.000000][-9.113158,-6.735071,13.365537][-0.514785,-0.283578,0.809061][0.608448,0.691683,0.000000]
[-11.988329,-3.382148,11.988230][-0.700170,-0.139234,0.700268][0.634961,0.722601,0.000000][-11.509851,-6.586420,11.509175][-0.680638,-0.270326,0.680922][0.630549,0.693054,0.000000][-9.446869,-3.451187,14.021920][-0.536481,-0.144717,0.831411][0.611526,0.721964,0.000000]
[-11.988329,-3.382148,11.988230][-0.700170,-0.139234,0.700268][0.634961,0.722601,0.000000][-14.240724,0.004150,9.565406][-0.839459,0.002266,0.543418][0.655731,0.753827,0.000000][-14.022214,-3.452448,9.446838][-0.831378,-0.144589,0.536567][0.653716,0.721953,0.000000]
[-15.768903,-0.002981,6.589266][-0.930313,0.002265,0.366759][0.669822,0.753761,0.000000][-14.022214,-3.452448,9.446838][-0.831378,-0.144589,0.536567][0.653716,0.721953,0.000000][-14.240724,0.004150,9.565406][-0.839459,0.002266,0.543418][0.655731,0.753827,0.000000]
[-14.240724,0.004150,9.565406][-0.839459,0.002266,0.543418][0.655731,0.753827,0.000000][-11.988329,-3.382148,11.988230][-0.700170,-0.139234,0.700268][0.634961,0.722601,0.000000][-12.152842,0.003860,12.152817][-0.707067,0.002228,0.707143][0.636478,0.753824,0.000000]
[-12.152842,0.003860,12.152817][-0.707067,0.002228,0.707143][0.636478,0.753824,0.000000][-11.988329,-3.382148,11.988230][-0.700170,-0.139234,0.700268][0.634961,0.722601,0.000000][-9.565301,0.001697,14.240525][-0.543362,0.002261,0.839495][0.612618,0.753804,0.000000]
[-9.565301,0.001697,14.240525][-0.543362,0.002261,0.839495][0.612618,0.753804,0.000000][-11.988329,-3.382148,11.988230][-0.700170,-0.139234,0.700268][0.634961,0.722601,0.000000][-9.446869,-3.451187,14.021920][-0.536481,-0.144717,0.831411][0.611526,0.721964,0.000000]
[-11.967438,3.587498,11.967414][-0.700405,0.135476,0.700771][0.634768,0.786870,0.000000][-14.240724,0.004150,9.565406][-0.839459,0.002266,0.543418][0.655731,0.753827,0.000000][-12.152842,0.003860,12.152817][-0.707067,0.002228,0.707143][0.636478,0.753824,0.000000]
[-9.565301,0.001697,14.240525][-0.543362,0.002261,0.839495][0.612618,0.753804,0.000000][-11.967438,3.587498,11.967414][-0.700405,0.135476,0.700771][0.634768,0.786870,0.000000][-12.152842,0.003860,12.152817][-0.707067,0.002228,0.707143][0.636478,0.753824,0.000000]
[-13.997067,3.661264,9.429346][-0.832262,0.140172,0.536369][0.653484,0.787550,0.000000][-15.768903,-0.002981,6.589266][-0.930313,0.002265,0.366759][0.669822,0.753761,0.000000][-14.240724,0.004150,9.565406][-0.839459,0.002266,0.543418][0.655731,0.753827,0.000000]
[-13.997067,3.661264,9.429346][-0.832262,0.140172,0.536369][0.653484,0.787550,0.000000][-14.240724,0.004150,9.565406][-0.839459,0.002266,0.543418][0.655731,0.753827,0.000000][-11.967438,3.587498,11.967414][-0.700405,0.135476,0.700771][0.634768,0.786870,0.000000]
[-15.473356,3.785751,6.496129][-0.920732,0.149529,0.360408][0.667097,0.788698,0.000000][-15.768903,-0.002981,6.589266][-0.930313,0.002265,0.366759][0.669822,0.753761,0.000000][-13.997067,3.661264,9.429346][-0.832262,0.140172,0.536369][0.653484,0.787550,0.000000]
[-15.473356,3.785751,6.496129][-0.920732,0.149529,0.360408][0.667097,0.788698,0.000000][-16.703964,-0.019279,3.357334][-0.982716,0.002089,0.185109][0.678445,0.753611,0.000000][-15.768903,-0.002981,6.589266][-0.930313,0.002265,0.366759][0.669822,0.753761,0.000000]
[-16.374441,3.858016,3.308992][-0.970928,0.156463,0.181160][0.675406,0.789364,0.000000][-16.703964,-0.019279,3.357334][-0.982716,0.002089,0.185109][0.678445,0.753611,0.000000][-15.473356,3.785751,6.496129][-0.920732,0.149529,0.360408][0.667097,0.788698,0.000000]
[-13.279486,7.539557,9.050322][-0.816374,0.253836,0.518750][0.646867,0.823313,0.000000][-15.473356,3.785751,6.496129][-0.920732,0.149529,0.360408][0.667097,0.788698,0.000000][-13.997067,3.661264,9.429346][-0.832262,0.140172,0.536369][0.653484,0.787550,0.000000]
[-14.601022,7.828600,6.240811][-0.898056,0.271483,0.346111][0.659053,0.825978,0.000000][-16.374441,3.858016,3.308992][-0.970928,0.156463,0.181160][0.675406,0.789364,0.000000][-15.473356,3.785751,6.496129][-0.920732,0.149529,0.360408][0.667097,0.788698,0.000000]
[-14.601022,7.828600,6.240811][-0.898056,0.271483,0.346111][0.659053,0.825978,0.000000][-15.473356,3.785751,6.496129][-0.920732,0.149529,0.360408][0.667097,0.788698,0.000000][-13.279486,7.539557,9.050322][-0.816374,0.253836,0.518750][0.646867,0.823313,0.000000]
[-15.405020,8.013807,3.177451][-0.943304,0.283063,0.173358][0.666467,0.827686,0.000000][-16.374441,3.858016,3.308992][-0.970928,0.156463,0.181160][0.675406,0.789364,0.000000][-14.601022,7.828600,6.240811][-0.898056,0.271483,0.346111][0.659053,0.825978,0.000000]
[-15.405020,8.013807,3.177451][-0.943304,0.283063,0.173358][0.666467,0.827686,0.000000][-16.678566,3.874435,0.000000][-0.987334,0.158658,0.000175][0.678211,0.789515,0.000000][-16.374441,3.858016,3.308992][-0.970928,0.156463,0.181160][0.675406,0.789364,0.000000]
[-15.676430,8.068097,0.000001][-0.958200,0.286096,0.001279][0.668970,0.828186,0.000000][-16.678566,3.874435,0.000000][-0.987334,0.158658,0.000175][0.678211,0.789515,0.000000][-15.405020,8.013807,3.177451][-0.943304,0.283063,0.173358][0.666467,0.827686,0.000000]
[-13.279486,7.539557,9.050322][-0.816374,0.253836,0.518750][0.646867,0.823313,0.000000][-13.997067,3.661264,9.429346][-0.832262,0.140172,0.536369][0.653484,0.787550,0.000000][-11.436331,7.363162,11.435977][-0.684822,0.244496,0.686469][0.629871,0.821686,0.000000]
[-11.436331,7.363162,11.435977][-0.684822,0.244496,0.686469][0.629871,0.821686,0.000000][-13.997067,3.661264,9.429346][-0.832262,0.140172,0.536369][0.653484,0.787550,0.000000][-11.967438,3.587498,11.967414][-0.700405,0.135476,0.700771][0.634768,0.786870,0.000000]
[-13.811158,12.447434,3.007657][-0.905189,0.390219,0.168410][0.651770,0.868569,0.000000][-15.676430,8.068097,0.000001][-0.958200,0.286096,0.001279][0.668970,0.828186,0.000000][-15.405020,8.013807,3.177451][-0.943304,0.283063,0.173358][0.666467,0.827686,0.000000]
[-14.032616,12.576222,0.000002][-0.919349,0.393423,0.004098][0.653812,0.869757,0.000000][-15.676430,8.068097,0.000001][-0.958200,0.286096,0.001279][0.668970,0.828186,0.000000][-13.811158,12.447434,3.007657][-0.905189,0.390219,0.168410][0.651770,0.868569,0.000000]
[-13.160591,12.068163,5.908021][-0.864638,0.375998,0.333207][0.645771,0.865072,0.000000][-15.405020,8.013807,3.177451][-0.943304,0.283063,0.173358][0.666467,0.827686,0.000000][-14.601022,7.828600,6.240811][-0.898056,0.271483,0.346111][0.659053,0.825978,0.000000]
[-13.811158,12.447434,3.007657][-0.905189,0.390219,0.168410][0.651770,0.868569,0.000000][-15.405020,8.013807,3.177451][-0.943304,0.283063,0.173358][0.666467,0.827686,0.000000][-13.160591,12.068163,5.908021][-0.864638,0.375998,0.333207][0.645771,0.865072,0.000000]
[-11.671107,16.768536,2.896732][-0.839687,0.512672,0.179146][0.632036,0.908415,0.000000][-14.032616,12.576222,0.000002][-0.919349,0.393423,0.004098][0.653812,0.869757,0.000000][-13.811158,12.447434,3.007657][-0.905189,0.390219,0.168410][0.651770,0.868569,0.000000]
[-11.834863,17.001165,0.000003][-0.856153,0.516656,0.008295][0.633546,0.910560,0.000000][-14.032616,12.576222,0.000002][-0.919349,0.393423,0.004098][0.653812,0.869757,0.000000][-11.671107,16.768536,2.896732][-0.839687,0.512672,0.179146][0.632036,0.908415,0.000000]
[-11.206976,16.083933,5.690109][-0.793627,0.497293,0.350509][0.627756,0.902102,0.000000][-13.811158,12.447434,3.007657][-0.905189,0.390219,0.168410][0.651770,0.868569,0.000000][-13.160591,12.068163,5.908021][-0.864638,0.375998,0.333207][0.645771,0.865072,0.000000]
[-11.671107,16.768536,2.896732][-0.839687,0.512672,0.179146][0.632036,0.908415,0.000000][-13.811158,12.447434,3.007657][-0.905189,0.390219,0.168410][0.651770,0.868569,0.000000][-11.206976,16.083933,5.690109][-0.793627,0.497293,0.350509][0.627756,0.902102,0.000000]
[-13.160591,12.068163,5.908021][-0.864638,0.375998,0.333207][0.645771,0.865072,0.000000][-14.601022,7.828600,6.240811][-0.898056,0.271483,0.346111][0.659053,0.825978,0.000000][-12.109506,11.491868,8.537817][-0.796040,0.348751,0.494664][0.636078,0.859757,0.000000]
[-12.109506,11.491868,8.537817][-0.796040,0.348751,0.494664][0.636078,0.859757,0.000000][-14.601022,7.828600,6.240811][-0.898056,0.271483,0.346111][0.659053,0.825978,0.000000][-13.279486,7.539557,9.050322][-0.816374,0.253836,0.518750][0.646867,0.823313,0.000000]
[-11.206976,16.083933,5.690109][-0.793627,0.497293,0.350509][0.627756,0.902102,0.000000][-13.160591,12.068163,5.908021][-0.864638,0.375998,0.333207][0.645771,0.865072,0.000000][-10.541958,14.981172,8.176535][-0.721335,0.469362,0.509288][0.621624,0.891933,0.000000]
[-10.541958,14.981172,8.176535][-0.721335,0.469362,0.509288][0.621624,0.891933,0.000000][-13.160591,12.068163,5.908021][-0.864638,0.375998,0.333207][0.645771,0.865072,0.000000][-12.109506,11.491868,8.537817][-0.796040,0.348751,0.494664][0.636078,0.859757,0.000000]
[-10.541958,14.981172,8.176535][-0.721335,0.469362,0.509288][0.621624,0.891933,0.000000][-8.397758,17.433601,8.377868][-0.565814,0.572883,0.593009][0.601852,0.914548,0.000000][-11.206976,16.083933,5.690109][-0.793627,0.497293,0.350509][0.627756,0.902102,0.000000]
[-9.094252,20.324686,2.920230][-0.712428,0.667792,0.215639][0.608274,0.941207,0.000000][-11.834863,17.001165,0.000003][-0.856153,0.516656,0.008295][0.633546,0.910560,0.000000][-11.671107,16.768536,2.896732][-0.839687,0.512672,0.179146][0.632036,0.908415,0.000000]
[-9.207635,20.679634,0.000003][-0.733980,0.679044,0.013106][0.609320,0.944480,0.000000][-11.834863,17.001165,0.000003][-0.856153,0.516656,0.008295][0.633546,0.910560,0.000000][-9.094252,20.324686,2.920230][-0.712428,0.667792,0.215639][0.608274,0.941207,0.000000]
[-9.094252,20.324686,2.920230][-0.712428,0.667792,0.215639][0.608274,0.941207,0.000000][-6.273601,23.211487,0.000004][-0.527177,0.849574,0.017568][0.582264,0.967827,0.000000][-9.207635,20.679634,0.000003][-0.733980,0.679044,0.013106][0.609320,0.944480,0.000000]
[-8.784393,19.264874,5.760875][-0.653096,0.632029,0.417138][0.605417,0.931434,0.000000][-11.671107,16.768536,2.896732][-0.839687,0.512672,0.179146][0.632036,0.908415,0.000000][-11.206976,16.083933,5.690109][-0.793627,0.497293,0.350509][0.627756,0.902102,0.000000]
[-9.094252,20.324686,2.920230][-0.712428,0.667792,0.215639][0.608274,0.941207,0.000000][-11.671107,16.768536,2.896732][-0.839687,0.512672,0.179146][0.632036,0.908415,0.000000][-8.784393,19.264874,5.760875][-0.653096,0.632029,0.417138][0.605417,0.931434,0.000000]
[-8.397758,17.433601,8.377868][-0.565814,0.572883,0.593009][0.601852,0.914548,0.000000][-8.784393,19.264874,5.760875][-0.653096,0.632029,0.417138][0.605417,0.931434,0.000000][-11.206976,16.083933,5.690109][-0.793627,0.497293,0.350509][0.627756,0.902102,0.000000]
[-6.273601,23.211487,0.000004][-0.527177,0.849574,0.017568][0.582264,0.967827,0.000000][-9.094252,20.324686,2.920230][-0.712428,0.667792,0.215639][0.608274,0.941207,0.000000][-6.202136,22.755846,3.022039][-0.505103,0.821710,0.263938][0.581605,0.963625,0.000000]
[-8.784393,19.264874,5.760875][-0.653096,0.632029,0.417138][0.605417,0.931434,0.000000][-6.202136,22.755846,3.022039][-0.505103,0.821710,0.263938][0.581605,0.963625,0.000000][-9.094252,20.324686,2.920230][-0.712428,0.667792,0.215639][0.608274,0.941207,0.000000]
[-6.202136,22.755846,3.022039][-0.505103,0.821710,0.263938][0.581605,0.963625,0.000000][-3.171283,24.580296,0.000004][-0.265408,0.963919,0.020447][0.553657,0.980449,0.000000][-6.273601,23.211487,0.000004][-0.527177,0.849574,0.017568][0.582264,0.967827,0.000000]
[-6.202136,22.755846,3.022039][-0.505103,0.821710,0.263938][0.581605,0.963625,0.000000][-8.784393,19.264874,5.760875][-0.653096,0.632029,0.417138][0.605417,0.931434,0.000000][-6.009661,21.399305,5.979257][-0.448207,0.743447,0.496383][0.579830,0.951116,0.000000]
[-8.397758,17.433601,8.377868][-0.565814,0.572883,0.593009][0.601852,0.914548,0.000000][-6.009661,21.399305,5.979257][-0.448207,0.743447,0.496383][0.579830,0.951116,0.000000][-8.784393,19.264874,5.760875][-0.653096,0.632029,0.417138][0.605417,0.931434,0.000000]
[-3.171283,24.580296,0.000004][-0.265408,0.963919,0.020447][0.553657,0.980449,0.000000][-6.202136,22.755846,3.022039][-0.505103,0.821710,0.263938][0.581605,0.963625,0.000000][-3.136721,24.063446,3.117470][-0.251789,0.920321,0.299350][0.553338,0.975683,0.000000]
[-6.009661,21.399305,5.979257][-0.448207,0.743447,0.496383][0.579830,0.951116,0.000000][-3.136721,24.063446,3.117470][-0.251789,0.920321,0.299350][0.553338,0.975683,0.000000][-6.202136,22.755846,3.022039][-0.505103,0.821710,0.263938][0.581605,0.963625,0.000000]
[-3.136721,24.063446,3.117470][-0.251789,0.920321,0.299350][0.553338,0.975683,0.000000][0.000000,25.000000,0.000004][0.000000,0.999772,0.021373][0.524414,0.984319,0.000000][-3.171283,24.580296,0.000004][-0.265408,0.963919,0.020447][0.553657,0.980449,0.000000]
[-3.136721,24.063446,3.117470][-0.251789,0.920321,0.299350][0.553338,0.975683,0.000000][-6.009661,21.399305,5.979257][-0.448207,0.743447,0.496383][0.579830,0.951116,0.000000][-3.043656,22.530416,6.175193][-0.218703,0.806501,0.549295][0.552480,0.961546,0.000000]
[0.000000,25.000000,0.000004][0.000000,0.999772,0.021373][0.524414,0.984319,0.000000][-3.136721,24.063446,3.117470][-0.251789,0.920321,0.299350][0.553338,0.975683,0.000000][0.000000,24.463152,3.154288][0.000000,0.950318,0.311281][0.524414,0.979368,0.000000]
[-3.043656,22.530416,6.175193][-0.218703,0.806501,0.549295][0.552480,0.961546,0.000000][0.000000,24.463152,3.154288][0.000000,0.950318,0.311281][0.524414,0.979368,0.000000][-3.136721,24.063446,3.117470][-0.251789,0.920321,0.299350][0.553338,0.975683,0.000000]
[-5.786583,19.062441,8.761133][-0.376089,0.631476,0.678082][0.577773,0.929567,0.000000][-3.043656,22.530416,6.175193][-0.218703,0.806501,0.549295][0.552480,0.961546,0.000000][-6.009661,21.399305,5.979257][-0.448207,0.743447,0.496383][0.579830,0.951116,0.000000]
[-6.009661,21.399305,5.979257][-0.448207,0.743447,0.496383][0.579830,0.951116,0.000000][-8.397758,17.433601,8.377868][-0.565814,0.572883,0.593009][0.601852,0.914548,0.000000][-5.786583,19.062441,8.761133][-0.376089,0.631476,0.678082][0.577773,0.929567,0.000000]
[0.000000,24.463152,3.154288][0.000000,0.950318,0.311281][0.524414,0.979368,0.000000][-3.043656,22.530416,6.175193][-0.218703,0.806501,0.549295][0.552480,0.961546,0.000000][0.000000,22.872332,6.249893][0.000000,0.824250,0.566227][0.524414,0.964699,0.000000]
[3.136721,24.063446,3.117470][0.251789,0.920321,0.299351][0.495490,0.975683,0.000000][0.000000,25.000000,0.000004][0.000000,0.999772,0.021373][0.524414,0.984319,0.000000][0.000000,24.463152,3.154288][0.000000,0.950318,0.311281][0.524414,0.979368,0.000000]
[0.000000,25.000000,0.000004][0.000000,0.999772,0.021373][0.524414,0.984319,0.000000][3.136721,24.063446,3.117470][0.251789,0.920321,0.299351][0.495490,0.975683,0.000000][3.171283,24.580296,0.000004][0.265408,0.963919,0.020447][0.495171,0.980449,0.000000]
[0.000000,24.463152,3.154288][0.000000,0.950318,0.311281][0.524414,0.979368,0.000000][3.043656,22.530416,6.175193][0.218704,0.806501,0.549295][0.496348,0.961546,0.000000][3.136721,24.063446,3.117470][0.251789,0.920321,0.299351][0.495490,0.975683,0.000000]
[3.043656,22.530416,6.175193][0.218704,0.806501,0.549295][0.496348,0.961546,0.000000][0.000000,24.463152,3.154288][0.000000,0.950318,0.311281][0.524414,0.979368,0.000000][0.000000,22.872332,6.249893][0.000000,0.824250,0.566227][0.524414,0.964699,0.000000]
[6.202136,22.755846,3.022039][0.505103,0.821710,0.263938][0.467223,0.963625,0.000000][3.171283,24.580296,0.000004][0.265408,0.963919,0.020447][0.495171,0.980449,0.000000][3.136721,24.063446,3.117470][0.251789,0.920321,0.299351][0.495490,0.975683,0.000000]
[3.171283,24.580296,0.000004][0.265408,0.963919,0.020447][0.495171,0.980449,0.000000][6.202136,22.755846,3.022039][0.505103,0.821710,0.263938][0.467223,0.963625,0.000000][6.273601,23.211491,0.000004][0.527177,0.849574,0.017568][0.466564,0.967827,0.000000]
[6.009661,21.399305,5.979257][0.448208,0.743447,0.496383][0.468998,0.951116,0.000000][3.136721,24.063446,3.117470][0.251789,0.920321,0.299351][0.495490,0.975683,0.000000][3.043656,22.530416,6.175193][0.218704,0.806501,0.549295][0.496348,0.961546,0.000000]
[3.136721,24.063446,3.117470][0.251789,0.920321,0.299351][0.495490,0.975683,0.000000][6.009661,21.399305,5.979257][0.448208,0.743447,0.496383][0.468998,0.951116,0.000000][6.202136,22.755846,3.022039][0.505103,0.821710,0.263938][0.467223,0.963625,0.000000]
[-2.938459,19.916861,9.074036][-0.181757,0.660908,0.728125][0.551510,0.937446,0.000000][0.000000,22.872332,6.249893][0.000000,0.824250,0.566227][0.524414,0.964699,0.000000][-3.043656,22.530416,6.175193][-0.218703,0.806501,0.549295][0.552480,0.961546,0.000000]
[-3.043656,22.530416,6.175193][-0.218703,0.806501,0.549295][0.552480,0.961546,0.000000][-5.786583,19.062441,8.761133][-0.376089,0.631476,0.678082][0.577773,0.929567,0.000000][-2.938459,19.916861,9.074036][-0.181757,0.660908,0.728125][0.551510,0.937446,0.000000]
[0.000000,22.872332,6.249893][0.000000,0.824250,0.566227][0.524414,0.964699,0.000000][-2.938459,19.916861,9.074036][-0.181757,0.660908,0.728125][0.551510,0.937446,0.000000][0.000000,20.170147,9.190098][0.000000,0.668917,0.743337][0.524414,0.939782,0.000000]
[0.000000,22.872332,6.249893][0.000000,0.824250,0.566227][0.524414,0.964699,0.000000][2.938459,19.916861,9.074036][0.181757,0.660908,0.728125][0.497318,0.937446,0.000000][3.043656,22.530416,6.175193][0.218704,0.806501,0.549295][0.496348,0.961546,0.000000]
[2.938459,19.916861,9.074036][0.181757,0.660908,0.728125][0.497318,0.937446,0.000000][0.000000,22.872332,6.249893][0.000000,0.824250,0.566227][0.524414,0.964699,0.000000][0.000000,20.170147,9.190098][0.000000,0.668917,0.743337][0.524414,0.939782,0.000000]
[-2.938459,19.916861,9.074036][-0.181757,0.660908,0.728125][0.551510,0.937446,0.000000][0.000000,16.539560,11.827842][-0.000000,0.528562,0.848895][0.524414,0.906303,0.000000][0.000000,20.170147,9.190098][0.000000,0.668917,0.743337][0.524414,0.939782,0.000000]
[2.938459,19.916861,9.074036][0.181757,0.660908,0.728125][0.497318,0.937446,0.000000][0.000000,20.170147,9.190098][0.000000,0.668917,0.743337][0.524414,0.939782,0.000000][0.000000,16.539560,11.827842][-0.000000,0.528562,0.848895][0.524414,0.906303,0.000000]
[-5.786583,19.062441,8.761133][-0.376089,0.631476,0.678082][0.577773,0.929567,0.000000][-2.907304,16.379740,11.662639][-0.160789,0.523072,0.836984][0.551223,0.904830,0.000000][-2.938459,19.916861,9.074036][-0.181757,0.660908,0.728125][0.551510,0.937446,0.000000]
[0.000000,16.539560,11.827842][-0.000000,0.528562,0.848895][0.524414,0.906303,0.000000][-2.938459,19.916861,9.074036][-0.181757,0.660908,0.728125][0.551510,0.937446,0.000000][-2.907304,16.379740,11.662639][-0.160789,0.523072,0.836984][0.551223,0.904830,0.000000]
[5.786583,19.062441,8.761133][0.376089,0.631476,0.678081][0.471055,0.929567,0.000000][3.043656,22.530416,6.175193][0.218704,0.806501,0.549295][0.496348,0.961546,0.000000][2.938459,19.916861,9.074036][0.181757,0.660908,0.728125][0.497318,0.937446,0.000000]
[3.043656,22.530416,6.175193][0.218704,0.806501,0.549295][0.496348,0.961546,0.000000][5.786583,19.062441,8.761133][0.376089,0.631476,0.678081][0.471055,0.929567,0.000000][6.009661,21.399305,5.979257][0.448208,0.743447,0.496383][0.468998,0.951116,0.000000]
[2.938459,19.916861,9.074036][0.181757,0.660908,0.728125][0.497318,0.937446,0.000000][0.000000,16.539560,11.827842][-0.000000,0.528562,0.848895][0.524414,0.906303,0.000000][2.907304,16.379740,11.662639][0.160789,0.523072,0.836984][0.497605,0.904830,0.000000]
[5.786583,19.062441,8.761133][0.376089,0.631476,0.678081][0.471055,0.929567,0.000000][2.938459,19.916861,9.074036][0.181757,0.660908,0.728125][0.497318,0.937446,0.000000][2.907304,16.379740,11.662639][0.160789,0.523072,0.836984][0.497605,0.904830,0.000000]
[15.768902,-0.002784,-6.589266][0.930319,0.002223,-0.366746][0.032506,0.745924,0.000000][15.502949,-3.589424,-6.509770][0.919343,-0.155354,-0.361488][0.035054,0.711559,0.000000][14.022214,-3.452446,-9.446838][0.831378,-0.144587,-0.536568][0.049242,0.712871,0.000000]
[15.768902,-0.002784,-6.589266][0.930319,0.002223,-0.366746][0.032506,0.745924,0.000000][16.703964,-0.019237,-3.357334][0.982719,0.002067,-0.185094][0.023547,0.745766,0.000000][15.502949,-3.589424,-6.509770][0.919343,-0.155354,-0.361488][0.035054,0.711559,0.000000]
[11.988329,-3.382144,-11.988233][0.700170,-0.139232,-0.700268][0.068729,0.713545,0.000000][14.022214,-3.452446,-9.446838][0.831378,-0.144587,-0.536568][0.049242,0.712871,0.000000][11.509851,-6.586415,-11.509176][0.680638,-0.270326,-0.680922][0.073314,0.682844,0.000000]
[9.565301,0.001926,-14.240525][0.543539,0.002008,-0.839382][0.091945,0.745969,0.000000][11.988329,-3.382144,-11.988233][0.700170,-0.139232,-0.700268][0.068729,0.713545,0.000000][9.446869,-3.451181,-14.021921][0.536481,-0.144715,-0.831412][0.093080,0.712883,0.000000]
[9.446869,-3.451181,-14.021921][0.536481,-0.144715,-0.831412][0.093080,0.712883,0.000000][11.988329,-3.382144,-11.988233][0.700170,-0.139232,-0.700268][0.068729,0.713545,0.000000][11.509851,-6.586415,-11.509176][0.680638,-0.270326,-0.680922][0.073314,0.682844,0.000000]
[6.589193,-0.006451,-15.768695][0.366862,0.001730,-0.930274][0.120460,0.745889,0.000000][9.565301,0.001926,-14.240525][0.543539,0.002008,-0.839382][0.091945,0.745969,0.000000][9.446869,-3.451181,-14.021921][0.536481,-0.144715,-0.831412][0.093080,0.712883,0.000000]
[9.429358,3.659785,-13.996918][0.538005,0.136732,-0.831778][0.093248,0.781016,0.000000][9.565301,0.001926,-14.240525][0.543539,0.002008,-0.839382][0.091945,0.745969,0.000000][6.589193,-0.006451,-15.768695][0.366862,0.001730,-0.930274][0.120460,0.745889,0.000000]
[14.022214,-3.452446,-9.446838][0.831378,-0.144587,-0.536568][0.049242,0.712871,0.000000][15.502949,-3.589424,-6.509770][0.919343,-0.155354,-0.361488][0.035054,0.711559,0.000000][13.366624,-6.738671,-9.112283][0.808975,-0.283304,-0.515071][0.055523,0.681385,0.000000]
[14.022214,-3.452446,-9.446838][0.831378,-0.144587,-0.536568][0.049242,0.712871,0.000000][13.366624,-6.738671,-9.112283][0.808975,-0.283304,-0.515071][0.055523,0.681385,0.000000][11.509851,-6.586415,-11.509176][0.680638,-0.270326,-0.680922][0.073314,0.682844,0.000000]
[16.703964,-0.019237,-3.357334][0.982719,0.002067,-0.185094][0.023547,0.745766,0.000000][16.406704,-3.696539,-3.316721][0.969498,-0.163800,-0.182326][0.026395,0.710533,0.000000][15.502949,-3.589424,-6.509770][0.919343,-0.155354,-0.361488][0.035054,0.711559,0.000000]
[16.703964,-0.019237,-3.357334][0.982719,0.002067,-0.185094][0.023547,0.745766,0.000000][17.019695,-0.028745,-0.000000][0.999998,0.001950,0.000006][0.020522,0.745675,0.000000][16.406704,-3.696539,-3.316721][0.969498,-0.163800,-0.182326][0.026395,0.710533,0.000000]
[17.019695,-0.028745,-0.000000][0.999998,0.001950,0.000006][0.020522,0.745675,0.000000][16.711605,-3.733768,-0.000001][0.985988,-0.166818,-0.000000][0.023474,0.710176,0.000000][16.406704,-3.696539,-3.316721][0.969498,-0.163800,-0.182326][0.026395,0.710533,0.000000]
[15.502949,-3.589424,-6.509770][0.919343,-0.155354,-0.361488][0.035054,0.711559,0.000000][16.406704,-3.696539,-3.316721][0.969498,-0.163800,-0.182326][0.026395,0.710533,0.000000][14.700417,-7.015299,-6.288371][0.886904,-0.307357,-0.344866][0.042744,0.678734,0.000000]
[15.502949,-3.589424,-6.509770][0.919343,-0.155354,-0.361488][0.035054,0.711559,0.000000][14.700417,-7.015299,-6.288371][0.886904,-0.307357,-0.344866][0.042744,0.678734,0.000000][13.366624,-6.738671,-9.112283][0.808975,-0.283304,-0.515071][0.055523,0.681385,0.000000]
[16.406704,-3.696539,-3.316721][0.969498,-0.163800,-0.182326][0.026395,0.710533,0.000000][16.711605,-3.733768,-0.000001][0.985988,-0.166818,-0.000000][0.023474,0.710176,0.000000][15.510513,-7.223722,-3.203818][0.929924,-0.324251,-0.173499][0.034982,0.676737,0.000000]
[16.406704,-3.696539,-3.316721][0.969498,-0.163800,-0.182326][0.026395,0.710533,0.000000][15.510513,-7.223722,-3.203818][0.929924,-0.324251,-0.173499][0.034982,0.676737,0.000000][14.700417,-7.015299,-6.288371][0.886904,-0.307357,-0.344866][0.042744,0.678734,0.000000]
[16.711605,-3.733768,-0.000001][0.985988,-0.166818,-0.000000][0.023474,0.710176,0.000000][15.783306,-7.294492,-0.000001][0.944002,-0.329940,-0.000000][0.032368,0.676059,0.000000][15.510513,-7.223722,-3.203818][0.929924,-0.324251,-0.173499][0.034982,0.676737,0.000000]
[15.510513,-7.223722,-3.203818][0.929924,-0.324251,-0.173499][0.034982,0.676737,0.000000][15.783306,-7.294492,-0.000001][0.944002,-0.329940,-0.000000][0.032368,0.676059,0.000000][14.042365,-10.559534,-3.069356][0.862125,-0.479797,-0.162899][0.049049,0.644776,0.000000]
[15.783306,-7.294492,-0.000001][0.944002,-0.329940,-0.000000][0.032368,0.676059,0.000000][14.266287,-10.672859,-0.000002][0.873244,-0.487284,-0.000000][0.046903,0.643690,0.000000][14.042365,-10.559534,-3.069356][0.862125,-0.479797,-0.162899][0.049049,0.644776,0.000000]
[14.700417,-7.015299,-6.288371][0.886904,-0.307357,-0.344866][0.042744,0.678734,0.000000][15.510513,-7.223722,-3.203818][0.929924,-0.324251,-0.173499][0.034982,0.676737,0.000000][13.379761,-10.225688,-6.019351][0.829296,-0.456408,-0.322429][0.055397,0.647974,0.000000]
[15.510513,-7.223722,-3.203818][0.929924,-0.324251,-0.173499][0.034982,0.676737,0.000000][14.042365,-10.559534,-3.069356][0.862125,-0.479797,-0.162899][0.049049,0.644776,0.000000][13.379761,-10.225688,-6.019351][0.829296,-0.456408,-0.322429][0.055397,0.647974,0.000000]
[13.366624,-6.738671,-9.112283][0.808975,-0.283304,-0.515071][0.055523,0.681385,0.000000][14.700417,-7.015299,-6.288371][0.886904,-0.307357,-0.344866][0.042744,0.678734,0.000000][12.302920,-9.763185,-8.680894][0.772476,-0.416498,-0.479385][0.065715,0.652406,0.000000]
[14.700417,-7.015299,-6.288371][0.886904,-0.307357,-0.344866][0.042744,0.678734,0.000000][13.379761,-10.225688,-6.019351][0.829296,-0.456408,-0.322429][0.055397,0.647974,0.000000][12.302920,-9.763185,-8.680894][0.772476,-0.416498,-0.479385][0.065715,0.652406,0.000000]
[13.366624,-6.738671,-9.112283][0.808975,-0.283304,-0.515071][0.055523,0.681385,0.000000][12.302920,-9.763185,-8.680894][0.772476,-0.416498,-0.479385][0.065715,0.652406,0.000000][10.816302,-9.458008,-10.813255][0.650733,-0.390331,-0.651297][0.079959,0.655330,0.000000]
[11.509851,-6.586415,-11.509176][0.680638,-0.270326,-0.680922][0.073314,0.682844,0.000000][13.366624,-6.738671,-9.112283][0.808975,-0.283304,-0.515071][0.055523,0.681385,0.000000][10.816302,-9.458008,-10.813255][0.650733,-0.390331,-0.651297][0.079959,0.655330,0.000000]
[14.042365,-10.559534,-3.069356][0.862125,-0.479797,-0.162899][0.049049,0.644776,0.000000][14.266287,-10.672859,-0.000002][0.873244,-0.487284,-0.000000][0.046903,0.643690,0.000000][12.026910,-13.532311,-3.004900][0.753345,-0.637803,-0.160247][0.068359,0.616292,0.000000]
[14.266287,-10.672859,-0.000002][0.873244,-0.487284,-0.000000][0.046903,0.643690,0.000000][12.195167,-13.702940,-0.000002][0.763572,-0.645723,-0.000000][0.066747,0.614658,0.000000][12.026910,-13.532311,-3.004900][0.753345,-0.637803,-0.160247][0.068359,0.616292,0.000000]
[9.623117,-16.186113,-0.000003][0.608203,-0.793781,-0.000000][0.091391,0.590865,0.000000][12.026910,-13.532311,-3.004900][0.753345,-0.637803,-0.160247][0.068359,0.616292,0.000000][12.195167,-13.702940,-0.000002][0.763572,-0.645723,-0.000000][0.066747,0.614658,0.000000]
[14.042365,-10.559534,-3.069356][0.862125,-0.479797,-0.162899][0.049049,0.644776,0.000000][12.026910,-13.532311,-3.004900][0.753345,-0.637803,-0.160247][0.068359,0.616292,0.000000][11.542194,-13.021363,-5.882144][0.723026,-0.614285,-0.316049][0.073004,0.621188,0.000000]
[13.379761,-10.225688,-6.019351][0.829296,-0.456408,-0.322429][0.055397,0.647974,0.000000][14.042365,-10.559534,-3.069356][0.862125,-0.479797,-0.162899][0.049049,0.644776,0.000000][11.542194,-13.021363,-5.882144][0.723026,-0.614285,-0.316049][0.073004,0.621188,0.000000]
[12.026910,-13.532311,-3.004900][0.753345,-0.637803,-0.160247][0.068359,0.616292,0.000000][9.623117,-16.186113,-0.000003][0.608203,-0.793781,-0.000000][0.091391,0.590865,0.000000][9.502525,-15.945654,-3.074945][0.597421,-0.783206,-0.172270][0.092546,0.593169,0.000000]
[9.502525,-15.945654,-3.074945][0.597421,-0.783206,-0.172270][0.092546,0.593169,0.000000][11.542194,-13.021363,-5.882144][0.723026,-0.614285,-0.316049][0.073004,0.621188,0.000000][12.026910,-13.532311,-3.004900][0.753345,-0.637803,-0.160247][0.068359,0.616292,0.000000]
[6.645216,-17.997353,-0.000003][0.416996,-0.908908,-0.000000][0.119923,0.573511,0.000000][9.502525,-15.945654,-3.074945][0.597421,-0.783206,-0.172270][0.092546,0.593169,0.000000][9.623117,-16.186113,-0.000003][0.608203,-0.793781,-0.000000][0.091391,0.590865,0.000000]
[13.379761,-10.225688,-6.019351][0.829296,-0.456408,-0.322429][0.055397,0.647974,0.000000][11.542194,-13.021363,-5.882144][0.723026,-0.614285,-0.316049][0.073004,0.621188,0.000000][10.834142,-12.239686,-8.412802][0.673422,-0.575520,-0.463981][0.079788,0.628678,0.000000]
[12.302920,-9.763185,-8.680894][0.772476,-0.416498,-0.479385][0.065715,0.652406,0.000000][13.379761,-10.225688,-6.019351][0.829296,-0.456408,-0.322429][0.055397,0.647974,0.000000][10.834142,-12.239686,-8.412802][0.673422,-0.575520,-0.463981][0.079788,0.628678,0.000000]
[11.542194,-13.021363,-5.882144][0.723026,-0.614285,-0.316049][0.073004,0.621188,0.000000][9.502525,-15.945654,-3.074945][0.597421,-0.783206,-0.172270][0.092546,0.593169,0.000000][9.163066,-15.210739,-6.029816][0.563989,-0.751189,-0.342975][0.095799,0.600211,0.000000]
[9.163066,-15.210739,-6.029816][0.563989,-0.751189,-0.342975][0.095799,0.600211,0.000000][10.834142,-12.239686,-8.412802][0.673422,-0.575520,-0.463981][0.079788,0.628678,0.000000][11.542194,-13.021363,-5.882144][0.723026,-0.614285,-0.316049][0.073004,0.621188,0.000000]
[9.502525,-15.945654,-3.074945][0.597421,-0.783206,-0.172270][0.092546,0.593169,0.000000][6.645216,-17.997353,-0.000003][0.416996,-0.908908,-0.000000][0.119923,0.573511,0.000000][6.565163,-17.695129,-3.213792][0.408126,-0.892712,-0.191043][0.120691,0.576407,0.000000]
[6.565163,-17.695129,-3.213792][0.408126,-0.892712,-0.191043][0.120691,0.576407,0.000000][9.163066,-15.210739,-6.029816][0.563989,-0.751189,-0.342975][0.095799,0.600211,0.000000][9.502525,-15.945654,-3.074945][0.597421,-0.783206,-0.172270][0.092546,0.593169,0.000000]
[3.391316,-19.079264,-0.000003][0.209236,-0.977865,-0.000000][0.151100,0.563145,0.000000][6.565163,-17.695129,-3.213792][0.408126,-0.892712,-0.191043][0.120691,0.576407,0.000000][6.645216,-17.997353,-0.000003][0.416996,-0.908908,-0.000000][0.119923,0.573511,0.000000]
[12.302920,-9.763185,-8.680894][0.772476,-0.416498,-0.479385][0.065715,0.652406,0.000000][10.834142,-12.239686,-8.412802][0.673422,-0.575520,-0.463981][0.079788,0.628678,0.000000][10.146316,-11.456536,-10.138330][0.605395,-0.515972,-0.606028][0.086378,0.636181,0.000000]
[10.816302,-9.458008,-10.813255][0.650733,-0.390331,-0.651297][0.079959,0.655330,0.000000][12.302920,-9.763185,-8.680894][0.772476,-0.416498,-0.479385][0.065715,0.652406,0.000000][10.146316,-11.456536,-10.138330][0.605395,-0.515972,-0.606028][0.086378,0.636181,0.000000]
[10.834142,-12.239686,-8.412802][0.673422,-0.575520,-0.463981][0.079788,0.628678,0.000000][9.163066,-15.210739,-6.029816][0.563989,-0.751189,-0.342975][0.095799,0.600211,0.000000][8.715717,-13.972716,-8.693311][0.508309,-0.694779,-0.508826][0.100085,0.612073,0.000000]
[8.715717,-13.972716,-8.693311][0.508309,-0.694779,-0.508826][0.100085,0.612073,0.000000][10.146316,-11.456536,-10.138330][0.605395,-0.515972,-0.606028][0.086378,0.636181,0.000000][10.834142,-12.239686,-8.412802][0.673422,-0.575520,-0.463981][0.079788,0.628678,0.000000]
[9.163066,-15.210739,-6.029816][0.563989,-0.751189,-0.342975][0.095799,0.600211,0.000000][6.565163,-17.695129,-3.213792][0.408126,-0.892712,-0.191043][0.120691,0.576407,0.000000][6.340833,-16.772139,-6.307233][0.381436,-0.841867,-0.381794][0.122840,0.585250,0.000000]
[6.340833,-16.772139,-6.307233][0.381436,-0.841867,-0.381794][0.122840,0.585250,0.000000][8.715717,-13.972716,-8.693311][0.508309,-0.694779,-0.508826][0.100085,0.612073,0.000000][9.163066,-15.210739,-6.029816][0.563989,-0.751189,-0.342975][0.095799,0.600211,0.000000]
[6.565163,-17.695129,-3.213792][0.408126,-0.892712,-0.191043][0.120691,0.576407,0.000000][3.391316,-19.079264,-0.000003][0.209236,-0.977865,-0.000000][0.151100,0.563145,0.000000][3.350804,-18.736914,-3.329787][0.204511,-0.957143,-0.205068][0.151488,0.566425,0.000000]
[3.350804,-18.736914,-3.329787][0.204511,-0.957143,-0.205068][0.151488,0.566425,0.000000][6.340833,-16.772139,-6.307233][0.381436,-0.841867,-0.381794][0.122840,0.585250,0.000000][6.565163,-17.695129,-3.213792][0.408126,-0.892712,-0.191043][0.120691,0.576407,0.000000]
[0.000000,-19.435513,-0.000003][-0.000000,-1.000000,-0.000000][0.183594,0.559732,0.000000][3.350804,-18.736914,-3.329787][0.204511,-0.957143,-0.205068][0.151488,0.566425,0.000000][3.391316,-19.079264,-0.000003][0.209236,-0.977865,-0.000000][0.151100,0.563145,0.000000]
[8.715717,-13.972716,-8.693311][0.508309,-0.694779,-0.508826][0.100085,0.612073,0.000000][6.340833,-16.772139,-6.307233][0.381436,-0.841867,-0.381794][0.122840,0.585250,0.000000][6.056822,-15.208495,-9.135266][0.342591,-0.751444,-0.563882][0.125561,0.600232,0.000000]
[10.146316,-11.456536,-10.138330][0.605395,-0.515972,-0.606028][0.086378,0.636181,0.000000][8.715717,-13.972716,-8.693311][0.508309,-0.694779,-0.508826][0.100085,0.612073,0.000000][8.424973,-12.236283,-10.821978][0.463171,-0.575924,-0.673635][0.102871,0.628710,0.000000]
[6.056822,-15.208495,-9.135266][0.342591,-0.751444,-0.563882][0.125561,0.600232,0.000000][8.424973,-12.236283,-10.821978][0.463171,-0.575924,-0.673635][0.102871,0.628710,0.000000][8.715717,-13.972716,-8.693311][0.508309,-0.694779,-0.508826][0.100085,0.612073,0.000000]
[3.236820,-17.695129,-6.534541][0.190770,-0.892629,-0.408436][0.152581,0.576407,0.000000][6.056822,-15.208495,-9.135266][0.342591,-0.751444,-0.563882][0.125561,0.600232,0.000000][6.340833,-16.772139,-6.307233][0.381436,-0.841867,-0.381794][0.122840,0.585250,0.000000]
[6.340833,-16.772139,-6.307233][0.381436,-0.841867,-0.381794][0.122840,0.585250,0.000000][3.350804,-18.736914,-3.329787][0.204511,-0.957143,-0.205068][0.151488,0.566425,0.000000][3.236820,-17.695129,-6.534541][0.190770,-0.892629,-0.408436][0.152581,0.576407,0.000000]
[3.350804,-18.736914,-3.329787][0.204511,-0.957143,-0.205068][0.151488,0.566425,0.000000][0.000000,-19.435513,-0.000003][-0.000000,-1.000000,-0.000000][0.183594,0.559732,0.000000][0.000000,-19.079548,-3.372638][-0.000000,-0.977722,-0.209905][0.183594,0.563142,0.000000]
[0.000000,-19.079548,-3.372638][-0.000000,-0.977722,-0.209905][0.183594,0.563142,0.000000][3.236820,-17.695129,-6.534541][0.190770,-0.892629,-0.408436][0.152581,0.576407,0.000000][3.350804,-18.736914,-3.329787][0.204511,-0.957143,-0.205068][0.151488,0.566425,0.000000]
[-3.350804,-18.736914,-3.329787][-0.204511,-0.957143,-0.205068][0.215699,0.566425,0.000000][0.000000,-19.079548,-3.372638][-0.000000,-0.977722,-0.209905][0.183594,0.563142,0.000000][0.000000,-19.435513,-0.000003][-0.000000,-1.000000,-0.000000][0.183594,0.559732,0.000000]
[-3.350804,-18.736914,-3.329787][-0.204511,-0.957143,-0.205068][0.215699,0.566425,0.000000][0.000000,-19.435513,-0.000003][-0.000000,-1.000000,-0.000000][0.183594,0.559732,0.000000][-3.391316,-19.079264,-0.000003][-0.209236,-0.977865,-0.000000][0.216087,0.563145,0.000000]
[3.236820,-17.695129,-6.534541][0.190770,-0.892629,-0.408436][0.152581,0.576407,0.000000][0.000000,-19.079548,-3.372638][-0.000000,-0.977722,-0.209905][0.183594,0.563142,0.000000][0.000000,-17.997700,-6.618040][-0.000000,-0.908768,-0.417303][0.183594,0.573508,0.000000]
[-3.236820,-17.695129,-6.534541][-0.190770,-0.892629,-0.408436][0.214607,0.576407,0.000000][0.000000,-19.079548,-3.372638][-0.000000,-0.977722,-0.209905][0.183594,0.563142,0.000000][-3.350804,-18.736914,-3.329787][-0.204511,-0.957143,-0.205068][0.215699,0.566425,0.000000]
[-3.236820,-17.695129,-6.534541][-0.190770,-0.892629,-0.408436][0.214607,0.576407,0.000000][0.000000,-17.997700,-6.618040][-0.000000,-0.908768,-0.417303][0.183594,0.573508,0.000000][0.000000,-19.079548,-3.372638][-0.000000,-0.977722,-0.209905][0.183594,0.563142,0.000000]
[-6.565163,-17.695131,-3.213792][-0.408127,-0.892712,-0.191043][0.246497,0.576407,0.000000][-3.350804,-18.736914,-3.329787][-0.204511,-0.957143,-0.205068][0.215699,0.566425,0.000000][-3.391316,-19.079264,-0.000003][-0.209236,-0.977865,-0.000000][0.216087,0.563145,0.000000]
[-6.565163,-17.695131,-3.213792][-0.408127,-0.892712,-0.191043][0.246497,0.576407,0.000000][-3.391316,-19.079264,-0.000003][-0.209236,-0.977865,-0.000000][0.216087,0.563145,0.000000][-6.645216,-17.997353,-0.000003][-0.416996,-0.908908,-0.000000][0.247264,0.573511,0.000000]
[-6.340833,-16.772139,-6.307233][-0.381436,-0.841867,-0.381794][0.244348,0.585250,0.000000][-3.236820,-17.695129,-6.534541][-0.190770,-0.892629,-0.408436][0.214607,0.576407,0.000000][-3.350804,-18.736914,-3.329787][-0.204511,-0.957143,-0.205068][0.215699,0.566425,0.000000]
[-6.340833,-16.772139,-6.307233][-0.381436,-0.841867,-0.381794][0.244348,0.585250,0.000000][-3.350804,-18.736914,-3.329787][-0.204511,-0.957143,-0.205068][0.215699,0.566425,0.000000][-6.565163,-17.695131,-3.213792][-0.408127,-0.892712,-0.191043][0.246497,0.576407,0.000000]
[-9.502525,-15.945654,-3.074945][-0.597421,-0.783206,-0.172270][0.274641,0.593169,0.000000][-6.565163,-17.695131,-3.213792][-0.408127,-0.892712,-0.191043][0.246497,0.576407,0.000000][-6.645216,-17.997353,-0.000003][-0.416996,-0.908908,-0.000000][0.247264,0.573511,0.000000]
[-9.502525,-15.945654,-3.074945][-0.597421,-0.783206,-0.172270][0.274641,0.593169,0.000000][-6.645216,-17.997353,-0.000003][-0.416996,-0.908908,-0.000000][0.247264,0.573511,0.000000][-9.623117,-16.186113,-0.000003][-0.608203,-0.793781,-0.000000][0.275796,0.590865,0.000000]
[-9.163065,-15.210739,-6.029816][-0.563989,-0.751189,-0.342975][0.271389,0.600211,0.000000][-6.340833,-16.772139,-6.307233][-0.381436,-0.841867,-0.381794][0.244348,0.585250,0.000000][-6.565163,-17.695131,-3.213792][-0.408127,-0.892712,-0.191043][0.246497,0.576407,0.000000]
[-9.163065,-15.210739,-6.029816][-0.563989,-0.751189,-0.342975][0.271389,0.600211,0.000000][-6.565163,-17.695131,-3.213792][-0.408127,-0.892712,-0.191043][0.246497,0.576407,0.000000][-9.502525,-15.945654,-3.074945][-0.597421,-0.783206,-0.172270][0.274641,0.593169,0.000000]
[-6.056822,-15.208495,-9.135267][-0.342591,-0.751444,-0.563882][0.241626,0.600232,0.000000][-3.236820,-17.695129,-6.534541][-0.190770,-0.892629,-0.408436][0.214607,0.576407,0.000000][-6.340833,-16.772139,-6.307233][-0.381436,-0.841867,-0.381794][0.244348,0.585250,0.000000]
[-6.340833,-16.772139,-6.307233][-0.381436,-0.841867,-0.381794][0.244348,0.585250,0.000000][-9.163065,-15.210739,-6.029816][-0.563989,-0.751189,-0.342975][0.271389,0.600211,0.000000][-8.715717,-13.972716,-8.693311][-0.508309,-0.694779,-0.508826][0.267102,0.612073,0.000000]
[-8.715717,-13.972716,-8.693311][-0.508309,-0.694779,-0.508826][0.267102,0.612073,0.000000][-6.056822,-15.208495,-9.135267][-0.342591,-0.751444,-0.563882][0.241626,0.600232,0.000000][-6.340833,-16.772139,-6.307233][-0.381436,-0.841867,-0.381794][0.244348,0.585250,0.000000]
[-12.026911,-13.532311,-3.004900][-0.753344,-0.637803,-0.160247][0.298828,0.616292,0.000000][-9.502525,-15.945654,-3.074945][-0.597421,-0.783206,-0.172270][0.274641,0.593169,0.000000][-9.623117,-16.186113,-0.000003][-0.608203,-0.793781,-0.000000][0.275796,0.590865,0.000000]
[-12.026911,-13.532311,-3.004900][-0.753344,-0.637803,-0.160247][0.298828,0.616292,0.000000][-9.623117,-16.186113,-0.000003][-0.608203,-0.793781,-0.000000][0.275796,0.590865,0.000000][-12.195167,-13.702940,-0.000002][-0.763572,-0.645723,-0.000000][0.300440,0.614658,0.000000]
[-14.266287,-10.672859,-0.000002][-0.873244,-0.487284,-0.000000][0.320284,0.643690,0.000000][-12.026911,-13.532311,-3.004900][-0.753344,-0.637803,-0.160247][0.298828,0.616292,0.000000][-12.195167,-13.702940,-0.000002][-0.763572,-0.645723,-0.000000][0.300440,0.614658,0.000000]
[-9.502525,-15.945654,-3.074945][-0.597421,-0.783206,-0.172270][0.274641,0.593169,0.000000][-12.026911,-13.532311,-3.004900][-0.753344,-0.637803,-0.160247][0.298828,0.616292,0.000000][-11.542194,-13.021363,-5.882144][-0.723026,-0.614285,-0.316050][0.294184,0.621188,0.000000]
[-11.542194,-13.021363,-5.882144][-0.723026,-0.614285,-0.316050][0.294184,0.621188,0.000000][-9.163065,-15.210739,-6.029816][-0.563989,-0.751189,-0.342975][0.271389,0.600211,0.000000][-9.502525,-15.945654,-3.074945][-0.597421,-0.783206,-0.172270][0.274641,0.593169,0.000000]
[-14.042366,-10.559534,-3.069356][-0.862125,-0.479797,-0.162899][0.318139,0.644776,0.000000][-12.026911,-13.532311,-3.004900][-0.753344,-0.637803,-0.160247][0.298828,0.616292,0.000000][-14.266287,-10.672859,-0.000002][-0.873244,-0.487284,-0.000000][0.320284,0.643690,0.000000]
[-14.042366,-10.559534,-3.069356][-0.862125,-0.479797,-0.162899][0.318139,0.644776,0.000000][-11.542194,-13.021363,-5.882144][-0.723026,-0.614285,-0.316050][0.294184,0.621188,0.000000][-12.026911,-13.532311,-3.004900][-0.753344,-0.637803,-0.160247][0.298828,0.616292,0.000000]
[-15.783306,-7.294492,-0.000001][-0.944002,-0.329940,0.000000][0.334820,0.676059,0.000000][-14.042366,-10.559534,-3.069356][-0.862125,-0.479797,-0.162899][0.318139,0.644776,0.000000][-14.266287,-10.672859,-0.000002][-0.873244,-0.487284,-0.000000][0.320284,0.643690,0.000000]
[-9.163065,-15.210739,-6.029816][-0.563989,-0.751189,-0.342975][0.271389,0.600211,0.000000][-11.542194,-13.021363,-5.882144][-0.723026,-0.614285,-0.316050][0.294184,0.621188,0.000000][-10.834142,-12.239686,-8.412801][-0.673422,-0.575520,-0.463981][0.287400,0.628678,0.000000]
[-10.834142,-12.239686,-8.412801][-0.673422,-0.575520,-0.463981][0.287400,0.628678,0.000000][-8.715717,-13.972716,-8.693311][-0.508309,-0.694779,-0.508826][0.267102,0.612073,0.000000][-9.163065,-15.210739,-6.029816][-0.563989,-0.751189,-0.342975][0.271389,0.600211,0.000000]
[-13.379761,-10.225688,-6.019351][-0.829296,-0.456407,-0.322429][0.311790,0.647974,0.000000][-11.542194,-13.021363,-5.882144][-0.723026,-0.614285,-0.316050][0.294184,0.621188,0.000000][-14.042366,-10.559534,-3.069356][-0.862125,-0.479797,-0.162899][0.318139,0.644776,0.000000]
[-13.379761,-10.225688,-6.019351][-0.829296,-0.456407,-0.322429][0.311790,0.647974,0.000000][-10.834142,-12.239686,-8.412801][-0.673422,-0.575520,-0.463981][0.287400,0.628678,0.000000][-11.542194,-13.021363,-5.882144][-0.723026,-0.614285,-0.316050][0.294184,0.621188,0.000000]
[-15.510513,-7.223722,-3.203818][-0.929924,-0.324251,-0.173500][0.332206,0.676737,0.000000][-14.042366,-10.559534,-3.069356][-0.862125,-0.479797,-0.162899][0.318139,0.644776,0.000000][-15.783306,-7.294492,-0.000001][-0.944002,-0.329940,0.000000][0.334820,0.676059,0.000000]
[-15.510513,-7.223722,-3.203818][-0.929924,-0.324251,-0.173500][0.332206,0.676737,0.000000][-13.379761,-10.225688,-6.019351][-0.829296,-0.456407,-0.322429][0.311790,0.647974,0.000000][-14.042366,-10.559534,-3.069356][-0.862125,-0.479797,-0.162899][0.318139,0.644776,0.000000]
[-16.711605,-3.733768,-0.000001][-0.985988,-0.166818,-0.000000][0.343714,0.710176,0.000000][-15.510513,-7.223722,-3.203818][-0.929924,-0.324251,-0.173500][0.332206,0.676737,0.000000][-15.783306,-7.294492,-0.000001][-0.944002,-0.329940,0.000000][0.334820,0.676059,0.000000]
[-16.406704,-3.696537,-3.316721][-0.969498,-0.163800,-0.182327][0.340793,0.710533,0.000000][-15.510513,-7.223722,-3.203818][-0.929924,-0.324251,-0.173500][0.332206,0.676737,0.000000][-16.711605,-3.733768,-0.000001][-0.985988,-0.166818,-0.000000][0.343714,0.710176,0.000000]
[-17.019695,-0.028745,-0.000000][-0.999998,0.001950,0.000006][0.346666,0.745675,0.000000][-16.406704,-3.696537,-3.316721][-0.969498,-0.163800,-0.182327][0.340793,0.710533,0.000000][-16.711605,-3.733768,-0.000001][-0.985988,-0.166818,-0.000000][0.343714,0.710176,0.000000]
[-14.700415,-7.015299,-6.288372][-0.886904,-0.307357,-0.344867][0.324444,0.678734,0.000000][-13.379761,-10.225688,-6.019351][-0.829296,-0.456407,-0.322429][0.311790,0.647974,0.000000][-15.510513,-7.223722,-3.203818][-0.929924,-0.324251,-0.173500][0.332206,0.676737,0.000000]
[-16.406704,-3.696537,-3.316721][-0.969498,-0.163800,-0.182327][0.340793,0.710533,0.000000][-14.700415,-7.015299,-6.288372][-0.886904,-0.307357,-0.344867][0.324444,0.678734,0.000000][-15.510513,-7.223722,-3.203818][-0.929924,-0.324251,-0.173500][0.332206,0.676737,0.000000]
[-12.302920,-9.763185,-8.680894][-0.772476,-0.416498,-0.479385][0.301473,0.652406,0.000000][-10.834142,-12.239686,-8.412801][-0.673422,-0.575520,-0.463981][0.287400,0.628678,0.000000][-13.379761,-10.225688,-6.019351][-0.829296,-0.456407,-0.322429][0.311790,0.647974,0.000000]
[-14.700415,-7.015299,-6.288372][-0.886904,-0.307357,-0.344867][0.324444,0.678734,0.000000][-12.302920,-9.763185,-8.680894][-0.772476,-0.416498,-0.479385][0.301473,0.652406,0.000000][-13.379761,-10.225688,-6.019351][-0.829296,-0.456407,-0.322429][0.311790,0.647974,0.000000]
[-10.834142,-12.239686,-8.412801][-0.673422,-0.575520,-0.463981][0.287400,0.628678,0.000000][-12.302920,-9.763185,-8.680894][-0.772476,-0.416498,-0.479385][0.301473,0.652406,0.000000][-10.146316,-11.456536,-10.138330][-0.605395,-0.515972,-0.606028][0.280809,0.636181,0.000000]
[-8.715717,-13.972716,-8.693311][-0.508309,-0.694779,-0.508826][0.267102,0.612073,0.000000][-10.834142,-12.239686,-8.412801][-0.673422,-0.575520,-0.463981][0.287400,0.628678,0.000000][-10.146316,-11.456536,-10.138330][-0.605395,-0.515972,-0.606028][0.280809,0.636181,0.000000]
[-13.366624,-6.738671,-9.112283][-0.808975,-0.283304,-0.515071][0.311664,0.681385,0.000000][-12.302920,-9.763185,-8.680894][-0.772476,-0.416498,-0.479385][0.301473,0.652406,0.000000][-14.700415,-7.015299,-6.288372][-0.886904,-0.307357,-0.344867][0.324444,0.678734,0.000000]
[-10.146316,-11.456536,-10.138330][-0.605395,-0.515972,-0.606028][0.280809,0.636181,0.000000][-8.424973,-12.236283,-10.821978][-0.463171,-0.575924,-0.673635][0.264317,0.628710,0.000000][-8.715717,-13.972716,-8.693311][-0.508309,-0.694779,-0.508826][0.267102,0.612073,0.000000]
[-8.424973,-12.236283,-10.821978][-0.463171,-0.575924,-0.673635][0.264317,0.628710,0.000000][-6.056822,-15.208495,-9.135267][-0.342591,-0.751444,-0.563882][0.241626,0.600232,0.000000][-8.715717,-13.972716,-8.693311][-0.508309,-0.694779,-0.508826][0.267102,0.612073,0.000000]
[-10.816302,-9.458008,-10.813255][-0.650733,-0.390331,-0.651297][0.287229,0.655330,0.000000][-10.146316,-11.456536,-10.138330][-0.605395,-0.515972,-0.606028][0.280809,0.636181,0.000000][-12.302920,-9.763185,-8.680894][-0.772476,-0.416498,-0.479385][0.301473,0.652406,0.000000]
[-13.366624,-6.738671,-9.112283][-0.808975,-0.283304,-0.515071][0.311664,0.681385,0.000000][-10.816302,-9.458008,-10.813255][-0.650733,-0.390331,-0.651297][0.287229,0.655330,0.000000][-12.302920,-9.763185,-8.680894][-0.772476,-0.416498,-0.479385][0.301473,0.652406,0.000000]
[-8.685118,-9.758671,-12.298581][-0.478802,-0.417005,-0.772564][0.266809,0.652449,0.000000][-8.424973,-12.236283,-10.821978][-0.463171,-0.575924,-0.673635][0.264317,0.628710,0.000000][-10.146316,-11.456536,-10.138330][-0.605395,-0.515972,-0.606028][0.280809,0.636181,0.000000]
[-8.685118,-9.758671,-12.298581][-0.478802,-0.417005,-0.772564][0.266809,0.652449,0.000000][-10.146316,-11.456536,-10.138330][-0.605395,-0.515972,-0.606028][0.280809,0.636181,0.000000][-10.816302,-9.458008,-10.813255][-0.650733,-0.390331,-0.651297][0.287229,0.655330,0.000000]
[-8.424973,-12.236283,-10.821978][-0.463171,-0.575924,-0.673635][0.264317,0.628710,0.000000][-5.896666,-13.015786,-11.527468][-0.315761,-0.615032,-0.722517][0.240092,0.621241,0.000000][-6.056822,-15.208495,-9.135267][-0.342591,-0.751444,-0.563882][0.241626,0.600232,0.000000]
[-6.024469,-10.218877,-13.374587][-0.322261,-0.457209,-0.828920][0.241316,0.648040,0.000000][-8.424973,-12.236283,-10.821978][-0.463171,-0.575924,-0.673635][0.264317,0.628710,0.000000][-8.685118,-9.758671,-12.298581][-0.478802,-0.417005,-0.772564][0.266809,0.652449,0.000000]
[-8.424973,-12.236283,-10.821978][-0.463171,-0.575924,-0.673635][0.264317,0.628710,0.000000][-6.024469,-10.218877,-13.374587][-0.322261,-0.457209,-0.828920][0.241316,0.648040,0.000000][-5.896666,-13.015786,-11.527468][-0.315761,-0.615032,-0.722517][0.240092,0.621241,0.000000]
[-5.896666,-13.015786,-11.527468][-0.315761,-0.615032,-0.722517][0.240092,0.621241,0.000000][-3.093457,-15.943668,-9.477440][-0.172328,-0.783621,-0.596860][0.213233,0.593188,0.000000][-6.056822,-15.208495,-9.135267][-0.342591,-0.751444,-0.563882][0.241626,0.600232,0.000000]
[-6.056822,-15.208495,-9.135267][-0.342591,-0.751444,-0.563882][0.241626,0.600232,0.000000][-3.093457,-15.943668,-9.477440][-0.172328,-0.783621,-0.596860][0.213233,0.593188,0.000000][-3.236820,-17.695129,-6.534541][-0.190770,-0.892629,-0.408436][0.214607,0.576407,0.000000]
[-3.093457,-15.943668,-9.477440][-0.172328,-0.783621,-0.596860][0.213233,0.593188,0.000000][0.000000,-17.997700,-6.618040][-0.000000,-0.908768,-0.417303][0.183594,0.573508,0.000000][-3.236820,-17.695129,-6.534541][-0.190770,-0.892629,-0.408436][0.214607,0.576407,0.000000]
[-5.896666,-13.015786,-11.527468][-0.315761,-0.615032,-0.722517][0.240092,0.621241,0.000000][-3.014871,-13.527289,-12.013986][-0.160480,-0.638844,-0.752413][0.212480,0.616341,0.000000][-3.093457,-15.943668,-9.477440][-0.172328,-0.783621,-0.596860][0.213233,0.593188,0.000000]
[-3.093457,-15.943668,-9.477440][-0.172328,-0.783621,-0.596860][0.213233,0.593188,0.000000][0.000000,-16.184675,-9.601055][0.000000,-0.794300,-0.607526][0.183594,0.590879,0.000000][0.000000,-17.997700,-6.618040][-0.000000,-0.908768,-0.417303][0.183594,0.573508,0.000000]
[-3.014871,-13.527289,-12.013986][-0.160480,-0.638844,-0.752413][0.212480,0.616341,0.000000][0.000000,-16.184675,-9.601055][0.000000,-0.794300,-0.607526][0.183594,0.590879,0.000000][-3.093457,-15.943668,-9.477440][-0.172328,-0.783621,-0.596860][0.213233,0.593188,0.000000]
[-5.896666,-13.015786,-11.527468][-0.315761,-0.615032,-0.722517][0.240092,0.621241,0.000000][-3.072911,-10.553301,-14.038055][-0.163094,-0.480794,-0.861532][0.213036,0.644835,0.000000][-3.014871,-13.527289,-12.013986][-0.160480,-0.638844,-0.752413][0.212480,0.616341,0.000000]
[-3.072911,-10.553301,-14.038055][-0.163094,-0.480794,-0.861532][0.213036,0.644835,0.000000][-5.896666,-13.015786,-11.527468][-0.315761,-0.615032,-0.722517][0.240092,0.621241,0.000000][-6.024469,-10.218877,-13.374587][-0.322261,-0.457209,-0.828920][0.241316,0.648040,0.000000]
[-3.014871,-13.527289,-12.013986][-0.160480,-0.638844,-0.752413][0.212480,0.616341,0.000000][0.000000,-13.698684,-12.184075][0.000000,-0.646909,-0.762567][0.183594,0.614698,0.000000][0.000000,-16.184675,-9.601055][0.000000,-0.794300,-0.607526][0.183594,0.590879,0.000000]
[0.000000,-10.667433,-14.262777][0.000000,-0.488357,-0.872644][0.183594,0.643742,0.000000][-3.014871,-13.527289,-12.013986][-0.160480,-0.638844,-0.752413][0.212480,0.616341,0.000000][-3.072911,-10.553301,-14.038055][-0.163094,-0.480794,-0.861532][0.213036,0.644835,0.000000]
[-3.014871,-13.527289,-12.013986][-0.160480,-0.638844,-0.752413][0.212480,0.616341,0.000000][0.000000,-10.667433,-14.262777][0.000000,-0.488357,-0.872644][0.183594,0.643742,0.000000][0.000000,-13.698684,-12.184075][0.000000,-0.646909,-0.762567][0.183594,0.614698,0.000000]
[3.014871,-13.527289,-12.013986][0.160481,-0.638844,-0.752413][0.154707,0.616341,0.000000][0.000000,-16.184675,-9.601055][0.000000,-0.794300,-0.607526][0.183594,0.590879,0.000000][0.000000,-13.698684,-12.184075][0.000000,-0.646909,-0.762567][0.183594,0.614698,0.000000]
[0.000000,-10.667433,-14.262777][0.000000,-0.488357,-0.872644][0.183594,0.643742,0.000000][3.014871,-13.527289,-12.013986][0.160481,-0.638844,-0.752413][0.154707,0.616341,0.000000][0.000000,-13.698684,-12.184075][0.000000,-0.646909,-0.762567][0.183594,0.614698,0.000000]
[3.093457,-15.943668,-9.477440][0.172328,-0.783621,-0.596860][0.153954,0.593188,0.000000][0.000000,-17.997700,-6.618040][-0.000000,-0.908768,-0.417303][0.183594,0.573508,0.000000][0.000000,-16.184675,-9.601055][0.000000,-0.794300,-0.607526][0.183594,0.590879,0.000000]
[0.000000,-16.184675,-9.601055][0.000000,-0.794300,-0.607526][0.183594,0.590879,0.000000][3.014871,-13.527289,-12.013986][0.160481,-0.638844,-0.752413][0.154707,0.616341,0.000000][3.093457,-15.943668,-9.477440][0.172328,-0.783621,-0.596860][0.153954,0.593188,0.000000]
[0.000000,-17.997700,-6.618040][-0.000000,-0.908768,-0.417303][0.183594,0.573508,0.000000][3.093457,-15.943668,-9.477440][0.172328,-0.783621,-0.596860][0.153954,0.593188,0.000000][3.236820,-17.695129,-6.534541][0.190770,-0.892629,-0.408436][0.152581,0.576407,0.000000]
[6.056822,-15.208495,-9.135266][0.342591,-0.751444,-0.563882][0.125561,0.600232,0.000000][3.236820,-17.695129,-6.534541][0.190770,-0.892629,-0.408436][0.152581,0.576407,0.000000][3.093457,-15.943668,-9.477440][0.172328,-0.783621,-0.596860][0.153954,0.593188,0.000000]
[3.093457,-15.943668,-9.477440][0.172328,-0.783621,-0.596860][0.153954,0.593188,0.000000][5.896666,-13.015786,-11.527468][0.315761,-0.615032,-0.722517][0.127096,0.621241,0.000000][6.056822,-15.208495,-9.135266][0.342591,-0.751444,-0.563882][0.125561,0.600232,0.000000]
[5.896666,-13.015786,-11.527468][0.315761,-0.615032,-0.722517][0.127096,0.621241,0.000000][3.093457,-15.943668,-9.477440][0.172328,-0.783621,-0.596860][0.153954,0.593188,0.000000][3.014871,-13.527289,-12.013986][0.160481,-0.638844,-0.752413][0.154707,0.616341,0.000000]
[8.424973,-12.236283,-10.821978][0.463171,-0.575924,-0.673635][0.102871,0.628710,0.000000][6.056822,-15.208495,-9.135266][0.342591,-0.751444,-0.563882][0.125561,0.600232,0.000000][5.896666,-13.015786,-11.527468][0.315761,-0.615032,-0.722517][0.127096,0.621241,0.000000]
[0.000000,-10.667433,-14.262777][0.000000,-0.488357,-0.872644][0.183594,0.643742,0.000000][3.072911,-10.553301,-14.038055][0.163094,-0.480794,-0.861532][0.154151,0.644835,0.000000][3.014871,-13.527289,-12.013986][0.160481,-0.638844,-0.752413][0.154707,0.616341,0.000000]
[3.072911,-10.553301,-14.038055][0.163094,-0.480794,-0.861532][0.154151,0.644835,0.000000][5.896666,-13.015786,-11.527468][0.315761,-0.615032,-0.722517][0.127096,0.621241,0.000000][3.014871,-13.527289,-12.013986][0.160481,-0.638844,-0.752413][0.154707,0.616341,0.000000]
[6.024469,-10.218877,-13.374587][0.322261,-0.457209,-0.828920][0.125871,0.648040,0.000000][8.424973,-12.236283,-10.821978][0.463171,-0.575924,-0.673635][0.102871,0.628710,0.000000][5.896666,-13.015786,-11.527468][0.315761,-0.615032,-0.722517][0.127096,0.621241,0.000000]
[3.072911,-10.553301,-14.038055][0.163094,-0.480794,-0.861532][0.154151,0.644835,0.000000][6.024469,-10.218877,-13.374587][0.322261,-0.457209,-0.828920][0.125871,0.648040,0.000000][5.896666,-13.015786,-11.527468][0.315761,-0.615032,-0.722517][0.127096,0.621241,0.000000]
[6.024469,-10.218877,-13.374587][0.322261,-0.457209,-0.828920][0.125871,0.648040,0.000000][8.685119,-9.758671,-12.298580][0.478802,-0.417005,-0.772564][0.100378,0.652449,0.000000][8.424973,-12.236283,-10.821978][0.463171,-0.575924,-0.673635][0.102871,0.628710,0.000000]
[8.685119,-9.758671,-12.298580][0.478802,-0.417005,-0.772564][0.100378,0.652449,0.000000][10.146316,-11.456536,-10.138330][0.605395,-0.515972,-0.606028][0.086378,0.636181,0.000000][8.424973,-12.236283,-10.821978][0.463171,-0.575924,-0.673635][0.102871,0.628710,0.000000]
[8.685119,-9.758671,-12.298580][0.478802,-0.417005,-0.772564][0.100378,0.652449,0.000000][10.816302,-9.458008,-10.813255][0.650733,-0.390331,-0.651297][0.079959,0.655330,0.000000][10.146316,-11.456536,-10.138330][0.605395,-0.515972,-0.606028][0.086378,0.636181,0.000000]
[0.000000,-7.290128,-15.782636][0.000000,-0.330532,-0.943795][0.183594,0.676101,0.000000][3.072911,-10.553301,-14.038055][0.163094,-0.480794,-0.861532][0.154151,0.644835,0.000000][0.000000,-10.667433,-14.262777][0.000000,-0.488357,-0.872644][0.183594,0.643742,0.000000]
[-3.072911,-10.553301,-14.038055][-0.163094,-0.480794,-0.861532][0.213036,0.644835,0.000000][0.000000,-7.290128,-15.782636][0.000000,-0.330532,-0.943795][0.183594,0.676101,0.000000][0.000000,-10.667433,-14.262777][0.000000,-0.488357,-0.872644][0.183594,0.643742,0.000000]
[3.204646,-7.218752,-15.509563][0.173600,-0.324820,-0.929707][0.152889,0.676785,0.000000][6.024469,-10.218877,-13.374587][0.322261,-0.457209,-0.828920][0.125871,0.648040,0.000000][3.072911,-10.553301,-14.038055][0.163094,-0.480794,-0.861532][0.154151,0.644835,0.000000]
[0.000000,-7.290128,-15.782636][0.000000,-0.330532,-0.943795][0.183594,0.676101,0.000000][3.204646,-7.218752,-15.509563][0.173600,-0.324820,-0.929707][0.152889,0.676785,0.000000][3.072911,-10.553301,-14.038055][0.163094,-0.480794,-0.861532][0.154151,0.644835,0.000000]
[6.289511,-7.009919,-14.699134][0.344793,-0.307830,-0.886769][0.123332,0.678786,0.000000][8.685119,-9.758671,-12.298580][0.478802,-0.417005,-0.772564][0.100378,0.652449,0.000000][6.024469,-10.218877,-13.374587][0.322261,-0.457209,-0.828920][0.125871,0.648040,0.000000]
[3.204646,-7.218752,-15.509563][0.173600,-0.324820,-0.929707][0.152889,0.676785,0.000000][6.289511,-7.009919,-14.699134][0.344793,-0.307830,-0.886769][0.123332,0.678786,0.000000][6.024469,-10.218877,-13.374587][0.322261,-0.457209,-0.828920][0.125871,0.648040,0.000000]
[10.816302,-9.458008,-10.813255][0.650733,-0.390331,-0.651297][0.079959,0.655330,0.000000][8.685119,-9.758671,-12.298580][0.478802,-0.417005,-0.772564][0.100378,0.652449,0.000000][9.113158,-6.735067,-13.365541][0.514785,-0.283578,-0.809061][0.096277,0.681419,0.000000]
[6.289511,-7.009919,-14.699134][0.344793,-0.307830,-0.886769][0.123332,0.678786,0.000000][9.113158,-6.735067,-13.365541][0.514785,-0.283578,-0.809061][0.096277,0.681419,0.000000][8.685119,-9.758671,-12.298580][0.478802,-0.417005,-0.772564][0.100378,0.652449,0.000000]
[9.113158,-6.735067,-13.365541][0.514785,-0.283578,-0.809061][0.096277,0.681419,0.000000][11.509851,-6.586415,-11.509176][0.680638,-0.270326,-0.680922][0.073314,0.682844,0.000000][10.816302,-9.458008,-10.813255][0.650733,-0.390331,-0.651297][0.079959,0.655330,0.000000]
[9.446869,-3.451181,-14.021921][0.536481,-0.144715,-0.831412][0.093080,0.712883,0.000000][11.509851,-6.586415,-11.509176][0.680638,-0.270326,-0.680922][0.073314,0.682844,0.000000][9.113158,-6.735067,-13.365541][0.514785,-0.283578,-0.809061][0.096277,0.681419,0.000000]
[6.509862,-3.587536,-15.502620][0.361483,-0.155573,-0.919308][0.121220,0.711577,0.000000][9.446869,-3.451181,-14.021921][0.536481,-0.144715,-0.831412][0.093080,0.712883,0.000000][9.113158,-6.735067,-13.365541][0.514785,-0.283578,-0.809061][0.096277,0.681419,0.000000]
[6.509862,-3.587536,-15.502620][0.361483,-0.155573,-0.919308][0.121220,0.711577,0.000000][9.113158,-6.735067,-13.365541][0.514785,-0.283578,-0.809061][0.096277,0.681419,0.000000][6.289511,-7.009919,-14.699134][0.344793,-0.307830,-0.886769][0.123332,0.678786,0.000000]
[6.589193,-0.006451,-15.768695][0.366862,0.001730,-0.930274][0.120460,0.745889,0.000000][9.446869,-3.451181,-14.021921][0.536481,-0.144715,-0.831412][0.093080,0.712883,0.000000][6.509862,-3.587536,-15.502620][0.361483,-0.155573,-0.919308][0.121220,0.711577,0.000000]
[3.316823,-3.694733,-16.406527][0.182371,-0.164047,-0.969448][0.151814,0.710550,0.000000][6.289511,-7.009919,-14.699134][0.344793,-0.307830,-0.886769][0.123332,0.678786,0.000000][3.204646,-7.218752,-15.509563][0.173600,-0.324820,-0.929707][0.152889,0.676785,0.000000]
[3.316823,-3.694733,-16.406527][0.182371,-0.164047,-0.969448][0.151814,0.710550,0.000000][6.509862,-3.587536,-15.502620][0.361483,-0.155573,-0.919308][0.121220,0.711577,0.000000][6.289511,-7.009919,-14.699134][0.344793,-0.307830,-0.886769][0.123332,0.678786,0.000000]
[3.357330,-0.022514,-16.703873][0.185388,0.001183,-0.982665][0.151426,0.745735,0.000000][6.589193,-0.006451,-15.768695][0.366862,0.001730,-0.930274][0.120460,0.745889,0.000000][6.509862,-3.587536,-15.502620][0.361483,-0.155573,-0.919308][0.121220,0.711577,0.000000]
[3.357330,-0.022514,-16.703873][0.185388,0.001183,-0.982665][0.151426,0.745735,0.000000][6.509862,-3.587536,-15.502620][0.361483,-0.155573,-0.919308][0.121220,0.711577,0.000000][3.316823,-3.694733,-16.406527][0.182371,-0.164047,-0.969448][0.151814,0.710550,0.000000]
[6.498188,3.756666,-15.480616][0.362067,0.142609,-0.921179][0.121332,0.781945,0.000000][6.589193,-0.006451,-15.768695][0.366862,0.001730,-0.930274][0.120460,0.745889,0.000000][3.357330,-0.022514,-16.703873][0.185388,0.001183,-0.982665][0.151426,0.745735,0.000000]
[6.498188,3.756666,-15.480616][0.362067,0.142609,-0.921179][0.121332,0.781945,0.000000][9.429358,3.659785,-13.996918][0.538005,0.136732,-0.831778][0.093248,0.781016,0.000000][6.589193,-0.006451,-15.768695][0.366862,0.001730,-0.930274][0.120460,0.745889,0.000000]
[9.001771,7.607524,-13.321373][0.530534,0.228925,-0.816166][0.097344,0.818841,0.000000][9.429358,3.659785,-13.996918][0.538005,0.136732,-0.831778][0.093248,0.781016,0.000000][6.498188,3.756666,-15.480616][0.362067,0.142609,-0.921179][0.121332,0.781945,0.000000]
[0.000000,-3.732132,-16.711536][0.000000,-0.167064,-0.985946][0.183594,0.710192,0.000000][3.316823,-3.694733,-16.406527][0.182371,-0.164047,-0.969448][0.151814,0.710550,0.000000][3.204646,-7.218752,-15.509563][0.173600,-0.324820,-0.929707][0.152889,0.676785,0.000000]
[0.000000,-3.732132,-16.711536][0.000000,-0.167064,-0.985946][0.183594,0.710192,0.000000][3.204646,-7.218752,-15.509563][0.173600,-0.324820,-0.929707][0.152889,0.676785,0.000000][0.000000,-7.290128,-15.782636][0.000000,-0.330532,-0.943795][0.183594,0.676101,0.000000]
[0.000000,-0.031508,-17.019674][-0.000000,0.000776,-1.000000][0.183594,0.745649,0.000000][3.357330,-0.022514,-16.703873][0.185388,0.001183,-0.982665][0.151426,0.745735,0.000000][3.316823,-3.694733,-16.406527][0.182371,-0.164047,-0.969448][0.151814,0.710550,0.000000]
[0.000000,-0.031508,-17.019674][-0.000000,0.000776,-1.000000][0.183594,0.745649,0.000000][3.316823,-3.694733,-16.406527][0.182371,-0.164047,-0.969448][0.151814,0.710550,0.000000][0.000000,-3.732132,-16.711536][0.000000,-0.167064,-0.985946][0.183594,0.710192,0.000000]
[3.294931,3.839816,-16.382553][0.183073,0.146450,-0.972130][0.152024,0.782741,0.000000][6.498188,3.756666,-15.480616][0.362067,0.142609,-0.921179][0.121332,0.781945,0.000000][3.357330,-0.022514,-16.703873][0.185388,0.001183,-0.982665][0.151426,0.745735,0.000000]
[0.000000,-0.031508,-17.019674][-0.000000,0.000776,-1.000000][0.183594,0.745649,0.000000][3.294931,3.839816,-16.382553][0.183073,0.146450,-0.972130][0.152024,0.782741,0.000000][3.357330,-0.022514,-16.703873][0.185388,0.001183,-0.982665][0.151426,0.745735,0.000000]
[6.251852,7.549835,-14.722632][0.357197,0.222311,-0.907187][0.123692,0.818288,0.000000][9.001771,7.607524,-13.321373][0.530534,0.228925,-0.816166][0.097344,0.818841,0.000000][6.498188,3.756666,-15.480616][0.362067,0.142609,-0.921179][0.121332,0.781945,0.000000]
[6.251852,7.549835,-14.722632][0.357197,0.222311,-0.907187][0.123692,0.818288,0.000000][6.498188,3.756666,-15.480616][0.362067,0.142609,-0.921179][0.121332,0.781945,0.000000][3.294931,3.839816,-16.382553][0.183073,0.146450,-0.972130][0.152024,0.782741,0.000000]
[6.014884,10.539406,-13.988089][0.384586,0.189600,-0.903408][0.125963,0.846932,0.000000][9.001771,7.607524,-13.321373][0.530534,0.228925,-0.816166][0.097344,0.818841,0.000000][6.251852,7.549835,-14.722632][0.357197,0.222311,-0.907187][0.123692,0.818288,0.000000]
[9.001771,7.607524,-13.321373][0.530534,0.228925,-0.816166][0.097344,0.818841,0.000000][6.014884,10.539406,-13.988089][0.384586,0.189600,-0.903408][0.125963,0.846932,0.000000][7.949132,12.242507,-12.544880][0.574628,0.238459,-0.782905][0.107430,0.863250,0.000000]
[3.036431,7.845949,-15.554739][0.181963,0.218198,-0.958790][0.154501,0.821125,0.000000][6.251852,7.549835,-14.722632][0.357197,0.222311,-0.907187][0.123692,0.818288,0.000000][3.294931,3.839816,-16.382553][0.183073,0.146450,-0.972130][0.152024,0.782741,0.000000]
[3.473758,10.053022,-14.921506][0.256005,0.172906,-0.951086][0.150310,0.842272,0.000000][6.014884,10.539406,-13.988089][0.384586,0.189600,-0.903408][0.125963,0.846932,0.000000][6.251852,7.549835,-14.722632][0.357197,0.222311,-0.907187][0.123692,0.818288,0.000000]
[6.251852,7.549835,-14.722632][0.357197,0.222311,-0.907187][0.123692,0.818288,0.000000][3.036431,7.845949,-15.554739][0.181963,0.218198,-0.958790][0.154501,0.821125,0.000000][3.473758,10.053022,-14.921506][0.256005,0.172906,-0.951086][0.150310,0.842272,0.000000]
[3.426697,11.803710,-14.719364][0.283739,0.183898,-0.941102][0.150761,0.859046,0.000000][6.014884,10.539406,-13.988089][0.384586,0.189600,-0.903408][0.125963,0.846932,0.000000][3.473758,10.053022,-14.921506][0.256005,0.172906,-0.951086][0.150310,0.842272,0.000000]
[7.949132,12.242507,-12.544880][0.574628,0.238459,-0.782905][0.107430,0.863250,0.000000][6.014884,10.539406,-13.988089][0.384586,0.189600,-0.903408][0.125963,0.846932,0.000000][5.989577,11.882792,-13.823787][0.411142,0.166447,-0.896247][0.126205,0.859804,0.000000]
[3.426697,11.803710,-14.719364][0.283739,0.183898,-0.941102][0.150761,0.859046,0.000000][5.989577,11.882792,-13.823787][0.411142,0.166447,-0.896247][0.126205,0.859804,0.000000][6.014884,10.539406,-13.988089][0.384586,0.189600,-0.903408][0.125963,0.846932,0.000000]
[7.949132,12.242507,-12.544880][0.574628,0.238459,-0.782905][0.107430,0.863250,0.000000][5.989577,11.882792,-13.823787][0.411142,0.166447,-0.896247][0.126205,0.859804,0.000000][6.138102,13.196898,-13.490343][0.402741,0.239147,-0.883520][0.124782,0.872395,0.000000]
[3.426697,11.803710,-14.719364][0.283739,0.183898,-0.941102][0.150761,0.859046,0.000000][6.138102,13.196898,-13.490343][0.402741,0.239147,-0.883520][0.124782,0.872395,0.000000][5.989577,11.882792,-13.823787][0.411142,0.166447,-0.896247][0.126205,0.859804,0.000000]
[3.473758,10.053022,-14.921506][0.256005,0.172906,-0.951086][0.150310,0.842272,0.000000][3.036431,7.845949,-15.554739][0.181963,0.218198,-0.958790][0.154501,0.821125,0.000000][1.985124,9.732666,-15.273377][0.135592,0.152832,-0.978906][0.164574,0.839203,0.000000]
[3.473758,10.053022,-14.921506][0.256005,0.172906,-0.951086][0.150310,0.842272,0.000000][1.641274,11.341823,-15.217598][0.168253,0.116466,-0.978840][0.167868,0.854621,0.000000][3.426697,11.803710,-14.719364][0.283739,0.183898,-0.941102][0.150761,0.859046,0.000000]
[1.641274,11.341823,-15.217598][0.168253,0.116466,-0.978840][0.167868,0.854621,0.000000][3.473758,10.053022,-14.921506][0.256005,0.172906,-0.951086][0.150310,0.842272,0.000000][1.985124,9.732666,-15.273377][0.135592,0.152832,-0.978906][0.164574,0.839203,0.000000]
[1.985124,9.732666,-15.273377][0.135592,0.152832,-0.978906][0.164574,0.839203,0.000000][3.036431,7.845949,-15.554739][0.181963,0.218198,-0.958790][0.154501,0.821125,0.000000][0.000000,7.494219,-15.912002][0.000000,0.208093,-0.978109][0.183594,0.817755,0.000000]
[3.294931,3.839816,-16.382553][0.183073,0.146450,-0.972130][0.152024,0.782741,0.000000][0.000000,7.494219,-15.912002][0.000000,0.208093,-0.978109][0.183594,0.817755,0.000000][3.036431,7.845949,-15.554739][0.181963,0.218198,-0.958790][0.154501,0.821125,0.000000]
[0.000000,7.494219,-15.912002][0.000000,0.208093,-0.978109][0.183594,0.817755,0.000000][3.294931,3.839816,-16.382553][0.183073,0.146450,-0.972130][0.152024,0.782741,0.000000][0.000000,3.820867,-16.695011][0.000000,0.145736,-0.989324][0.183594,0.782560,0.000000]
[3.294931,3.839816,-16.382553][0.183073,0.146450,-0.972130][0.152024,0.782741,0.000000][0.000000,-0.031508,-17.019674][-0.000000,0.000776,-1.000000][0.183594,0.745649,0.000000][0.000000,3.820867,-16.695011][0.000000,0.145736,-0.989324][0.183594,0.782560,0.000000]
[0.000000,-0.031508,-17.019674][-0.000000,0.000776,-1.000000][0.183594,0.745649,0.000000][-3.294931,3.839816,-16.382553][-0.183073,0.146450,-0.972130][0.215164,0.782741,0.000000][0.000000,3.820867,-16.695011][0.000000,0.145736,-0.989324][0.183594,0.782560,0.000000]
[-3.294931,3.839816,-16.382553][-0.183073,0.146450,-0.972130][0.215164,0.782741,0.000000][0.000000,7.494219,-15.912002][0.000000,0.208093,-0.978109][0.183594,0.817755,0.000000][0.000000,3.820867,-16.695011][0.000000,0.145736,-0.989324][0.183594,0.782560,0.000000]
[0.000000,9.633427,-15.423774][0.000000,0.131796,-0.991277][0.183594,0.838252,0.000000][1.985124,9.732666,-15.273377][0.135592,0.152832,-0.978906][0.164574,0.839203,0.000000][0.000000,7.494219,-15.912002][0.000000,0.208093,-0.978109][0.183594,0.817755,0.000000]
[0.000000,9.633427,-15.423774][0.000000,0.131796,-0.991277][0.183594,0.838252,0.000000][1.641274,11.341823,-15.217598][0.168253,0.116466,-0.978840][0.167868,0.854621,0.000000][1.985124,9.732666,-15.273377][0.135592,0.152832,-0.978906][0.164574,0.839203,0.000000]
[1.641274,11.341823,-15.217598][0.168253,0.116466,-0.978840][0.167868,0.854621,0.000000][0.000000,9.633427,-15.423774][0.000000,0.131796,-0.991277][0.183594,0.838252,0.000000][0.000000,11.244514,-15.347693][-0.000000,0.073037,-0.997329][0.183594,0.853688,0.000000]
[0.000000,9.633427,-15.423774][0.000000,0.131796,-0.991277][0.183594,0.838252,0.000000][0.000000,7.494219,-15.912002][0.000000,0.208093,-0.978109][0.183594,0.817755,0.000000][-1.985124,9.732666,-15.273377][-0.135592,0.152833,-0.978906][0.202614,0.839203,0.000000]
[-1.641274,11.341823,-15.217598][-0.168253,0.116466,-0.978839][0.199319,0.854621,0.000000][0.000000,11.244514,-15.347693][-0.000000,0.073037,-0.997329][0.183594,0.853688,0.000000][0.000000,9.633427,-15.423774][0.000000,0.131796,-0.991277][0.183594,0.838252,0.000000]
[0.000000,9.633427,-15.423774][0.000000,0.131796,-0.991277][0.183594,0.838252,0.000000][-1.985124,9.732666,-15.273377][-0.135592,0.152833,-0.978906][0.202614,0.839203,0.000000][-1.641274,11.341823,-15.217598][-0.168253,0.116466,-0.978839][0.199319,0.854621,0.000000]
[-1.985124,9.732666,-15.273377][-0.135592,0.152833,-0.978906][0.202614,0.839203,0.000000][0.000000,7.494219,-15.912002][0.000000,0.208093,-0.978109][0.183594,0.817755,0.000000][-3.036431,7.845949,-15.554739][-0.181963,0.218198,-0.958790][0.212687,0.821125,0.000000]
[0.000000,7.494219,-15.912002][0.000000,0.208093,-0.978109][0.183594,0.817755,0.000000][-3.294931,3.839816,-16.382553][-0.183073,0.146450,-0.972130][0.215164,0.782741,0.000000][-3.036431,7.845949,-15.554739][-0.181963,0.218198,-0.958790][0.212687,0.821125,0.000000]
[-3.473758,10.053022,-14.921506][-0.256005,0.172906,-0.951086][0.216877,0.842272,0.000000][-1.985124,9.732666,-15.273377][-0.135592,0.152833,-0.978906][0.202614,0.839203,0.000000][-3.036431,7.845949,-15.554739][-0.181963,0.218198,-0.958790][0.212687,0.821125,0.000000]
[-3.473758,10.053022,-14.921506][-0.256005,0.172906,-0.951086][0.216877,0.842272,0.000000][-1.641274,11.341823,-15.217598][-0.168253,0.116466,-0.978839][0.199319,0.854621,0.000000][-1.985124,9.732666,-15.273377][-0.135592,0.152833,-0.978906][0.202614,0.839203,0.000000]
[-3.036431,7.845949,-15.554739][-0.181963,0.218198,-0.958790][0.212687,0.821125,0.000000][-3.294931,3.839816,-16.382553][-0.183073,0.146450,-0.972130][0.215164,0.782741,0.000000][-6.251852,7.549835,-14.722632][-0.357197,0.222311,-0.907187][0.243495,0.818288,0.000000]
[-6.251852,7.549835,-14.722632][-0.357197,0.222311,-0.907187][0.243495,0.818288,0.000000][-3.473758,10.053022,-14.921506][-0.256005,0.172906,-0.951086][0.216877,0.842272,0.000000][-3.036431,7.845949,-15.554739][-0.181963,0.218198,-0.958790][0.212687,0.821125,0.000000]
[0.000000,12.739543,-15.241726][0.000000,0.234663,-0.972077][0.183594,0.868013,0.000000][1.641274,11.341823,-15.217598][0.168253,0.116466,-0.978840][0.167868,0.854621,0.000000][0.000000,11.244514,-15.347693][-0.000000,0.073037,-0.997329][0.183594,0.853688,0.000000]
[0.000000,12.739543,-15.241726][0.000000,0.234663,-0.972077][0.183594,0.868013,0.000000][0.000000,11.244514,-15.347693][-0.000000,0.073037,-0.997329][0.183594,0.853688,0.000000][-1.641274,11.341823,-15.217598][-0.168253,0.116466,-0.978839][0.199319,0.854621,0.000000]
[3.509655,-22.808115,0.981742][-0.057541,0.052546,0.996959][0.695020,0.941182,0.000000][3.487028,-23.889095,1.024799][-0.068185,-0.386680,0.919690][0.694202,0.961708,0.000000][5.158483,-22.838411,0.165329][0.716773,0.091910,0.691223][0.710522,0.941757,0.000000]
[4.920918,-21.059040,-0.055165][0.710966,0.085072,0.698062][0.714709,0.907969,0.000000][3.509655,-22.808115,0.981742][-0.057541,0.052546,0.996959][0.695020,0.941182,0.000000][5.158483,-22.838411,0.165329][0.716773,0.091910,0.691223][0.710522,0.941757,0.000000]
[3.509655,-22.808115,0.981742][-0.057541,0.052546,0.996959][0.695020,0.941182,0.000000][4.920918,-21.059040,-0.055165][0.710966,0.085072,0.698062][0.714709,0.907969,0.000000][3.569266,-21.059040,0.453389][-0.059266,0.152917,0.986460][0.705052,0.907969,0.000000]
[3.635415,-18.620737,0.324690][-0.079058,-0.032746,0.996332][0.707496,0.861669,0.000000][3.569266,-21.059040,0.453389][-0.059266,0.152917,0.986460][0.705052,0.907969,0.000000][4.920918,-21.059040,-0.055165][0.710966,0.085072,0.698062][0.714709,0.907969,0.000000]
[4.920918,-21.059040,-0.055165][0.710966,0.085072,0.698062][0.714709,0.907969,0.000000][5.072091,-18.620737,-0.110550][0.672454,-0.080447,0.735754][0.715761,0.861669,0.000000][3.635415,-18.620737,0.324690][-0.079058,-0.032746,0.996332][0.707496,0.861669,0.000000]
[3.625634,-16.057840,0.556357][-0.087913,0.009632,0.996082][0.703097,0.813002,0.000000][3.635415,-18.620737,0.324690][-0.079058,-0.032746,0.996332][0.707496,0.861669,0.000000][5.072091,-18.620737,-0.110550][0.672454,-0.080447,0.735754][0.715761,0.861669,0.000000]
[5.326852,-16.071466,0.117037][0.648366,0.000742,0.761328][0.711439,0.813261,0.000000][3.625634,-16.057840,0.556357][-0.087913,0.009632,0.996082][0.703097,0.813002,0.000000][5.072091,-18.620737,-0.110550][0.672454,-0.080447,0.735754][0.715761,0.861669,0.000000]
[4.920918,-21.059040,-0.055165][0.710966,0.085072,0.698062][0.714709,0.907969,0.000000][5.698913,-18.620737,-1.513279][0.990734,-0.110713,0.078674][0.742397,0.861669,0.000000][5.072091,-18.620737,-0.110550][0.672454,-0.080447,0.735754][0.715761,0.861669,0.000000]
[5.267767,-14.163814,0.039876][0.539048,0.544131,0.642922][0.712905,0.777037,0.000000][3.625634,-16.057840,0.556357][-0.087913,0.009632,0.996082][0.703097,0.813002,0.000000][5.326852,-16.071466,0.117037][0.648366,0.000742,0.761328][0.711439,0.813261,0.000000]
[3.625634,-16.057840,0.556357][-0.087913,0.009632,0.996082][0.703097,0.813002,0.000000][5.267767,-14.163814,0.039876][0.539048,0.544131,0.642922][0.712905,0.777037,0.000000][3.660549,-14.000300,0.168576][-0.065823,0.674931,0.734939][0.710461,0.773932,0.000000]
[3.660549,-14.000300,0.168576][-0.065823,0.674931,0.734939][0.710461,0.773932,0.000000][5.267767,-14.163814,0.039876][0.539048,0.544131,0.642922][0.712905,0.777037,0.000000][3.826791,-13.564265,-1.685034][0.000006,1.000000,0.000000][0.745659,0.765652,0.000000]
[5.326852,-16.071466,0.117037][0.648366,0.000742,0.761328][0.711439,0.813261,0.000000][5.072091,-18.620737,-0.110550][0.672454,-0.080447,0.735754][0.715761,0.861669,0.000000][6.055123,-16.057840,-1.484014][0.996193,-0.010723,0.086515][0.741841,0.813002,0.000000]
[6.055123,-16.057840,-1.484014][0.996193,-0.010723,0.086515][0.741841,0.813002,0.000000][5.267767,-14.163814,0.039876][0.539048,0.544131,0.642922][0.712905,0.777037,0.000000][5.326852,-16.071466,0.117037][0.648366,0.000742,0.761328][0.711439,0.813261,0.000000]
[6.055123,-16.057840,-1.484014][0.996193,-0.010723,0.086515][0.741841,0.813002,0.000000][5.072091,-18.620737,-0.110550][0.672454,-0.080447,0.735754][0.715761,0.861669,0.000000][5.698913,-18.620737,-1.513279][0.990734,-0.110713,0.078674][0.742397,0.861669,0.000000]
[5.267767,-14.163814,0.039876][0.539048,0.544131,0.642922][0.712905,0.777037,0.000000][5.680166,-14.000301,-1.518792][0.736557,0.673174,0.065731][0.742502,0.773932,0.000000][3.826791,-13.564265,-1.685034][0.000006,1.000000,0.000000][0.745659,0.765652,0.000000]
[5.267767,-14.163814,0.039876][0.539048,0.544131,0.642922][0.712905,0.777037,0.000000][6.055123,-16.057840,-1.484014][0.996193,-0.010723,0.086515][0.741841,0.813002,0.000000][5.680166,-14.000301,-1.518792][0.736557,0.673174,0.065731][0.742502,0.773932,0.000000]
[5.680166,-14.000301,-1.518792][0.736557,0.673174,0.065731][0.742502,0.773932,0.000000][5.551680,-14.163813,-3.126010][0.645108,0.543641,-0.536926][0.773021,0.777037,0.000000][3.826791,-13.564265,-1.685034][0.000006,1.000000,0.000000][0.745659,0.765652,0.000000]
[6.055123,-16.057840,-1.484014][0.996193,-0.010723,0.086515][0.741841,0.813002,0.000000][5.551680,-14.163813,-3.126010][0.645108,0.543641,-0.536926][0.773021,0.777037,0.000000][5.680166,-14.000301,-1.518792][0.736557,0.673174,0.065731][0.742502,0.773932,0.000000]
[3.826791,-13.564265,-1.685034][0.000006,1.000000,0.000000][0.745659,0.765652,0.000000][5.551680,-14.163813,-3.126010][0.645108,0.543641,-0.536926][0.773021,0.777037,0.000000][3.993033,-14.000300,-3.538645][0.066206,0.674839,-0.734989][0.780856,0.773932,0.000000]
[5.551680,-14.163813,-3.126010][0.645108,0.543641,-0.536926][0.773021,0.777037,0.000000][4.026417,-16.057840,-3.926426][0.092696,0.009469,-0.995649][0.788220,0.813002,0.000000][3.993033,-14.000300,-3.538645][0.066206,0.674839,-0.734989][0.780856,0.773932,0.000000]
[5.551680,-14.163813,-3.126010][0.645108,0.543641,-0.536926][0.773021,0.777037,0.000000][6.055123,-16.057840,-1.484014][0.996193,-0.010723,0.086515][0.741841,0.813002,0.000000][5.620142,-16.071466,-3.190470][0.773127,-0.002357,-0.634247][0.774245,0.813261,0.000000]
[4.026417,-16.057840,-3.926426][0.092696,0.009469,-0.995649][0.788220,0.813002,0.000000][5.551680,-14.163813,-3.126010][0.645108,0.543641,-0.536926][0.773021,0.777037,0.000000][5.620142,-16.071466,-3.190470][0.773127,-0.002357,-0.634247][0.774245,0.813261,0.000000]
[5.620142,-16.071466,-3.190470][0.773127,-0.002357,-0.634247][0.774245,0.813261,0.000000][6.055123,-16.057840,-1.484014][0.996193,-0.010723,0.086515][0.741841,0.813002,0.000000][5.297143,-18.620737,-3.008834][0.792585,-0.073041,-0.605371][0.770796,0.861669,0.000000]
[5.620142,-16.071466,-3.190470][0.773127,-0.002357,-0.634247][0.774245,0.813261,0.000000][5.297143,-18.620737,-3.008834][0.792585,-0.073041,-0.605371][0.770796,0.861669,0.000000][4.026417,-16.057840,-3.926426][0.092696,0.009469,-0.995649][0.788220,0.813002,0.000000]
[6.055123,-16.057840,-1.484014][0.996193,-0.010723,0.086515][0.741841,0.813002,0.000000][5.698913,-18.620737,-1.513279][0.990734,-0.110713,0.078674][0.742397,0.861669,0.000000][5.297143,-18.620737,-3.008834][0.792585,-0.073041,-0.605371][0.770796,0.861669,0.000000]
[4.026417,-16.057840,-3.926426][0.092696,0.009469,-0.995649][0.788220,0.813002,0.000000][5.297143,-18.620737,-3.008834][0.792585,-0.073041,-0.605371][0.770796,0.861669,0.000000][3.978485,-18.620737,-3.703248][0.104355,-0.007453,-0.994512][0.783982,0.861669,0.000000]
[5.297143,-18.620737,-3.008834][0.792585,-0.073041,-0.605371][0.770796,0.861669,0.000000][5.099029,-21.072029,-3.228749][0.825875,0.231402,-0.514182][0.774972,0.908216,0.000000][3.978485,-18.620737,-3.703248][0.104355,-0.007453,-0.994512][0.783982,0.861669,0.000000]
[3.978485,-18.620737,-3.703248][0.104355,-0.007453,-0.994512][0.783982,0.861669,0.000000][5.099029,-21.072029,-3.228749][0.825875,0.231402,-0.514182][0.774972,0.908216,0.000000][3.889739,-21.059040,-3.984717][0.107877,0.406574,-0.907226][0.789327,0.907969,0.000000]
[5.698913,-18.620737,-1.513279][0.990734,-0.110713,0.078674][0.742397,0.861669,0.000000][5.445042,-21.072029,-1.589877][0.993910,0.064392,0.089421][0.743852,0.908216,0.000000][5.297143,-18.620737,-3.008834][0.792585,-0.073041,-0.605371][0.770796,0.861669,0.000000]
[5.297143,-18.620737,-3.008834][0.792585,-0.073041,-0.605371][0.770796,0.861669,0.000000][5.445042,-21.072029,-1.589877][0.993910,0.064392,0.089421][0.743852,0.908216,0.000000][5.099029,-21.072029,-3.228749][0.825875,0.231402,-0.514182][0.774972,0.908216,0.000000]
[5.698913,-18.620737,-1.513279][0.990734,-0.110713,0.078674][0.742397,0.861669,0.000000][4.920918,-21.059040,-0.055165][0.710966,0.085072,0.698062][0.714709,0.907969,0.000000][5.445042,-21.072029,-1.589877][0.993910,0.064392,0.089421][0.743852,0.908216,0.000000]
[5.099029,-21.072029,-3.228749][0.825875,0.231402,-0.514182][0.774972,0.908216,0.000000][3.969392,-22.862535,-5.495822][0.066835,0.839159,-0.539764][0.818021,0.942215,0.000000][3.889739,-21.059040,-3.984717][0.107877,0.406574,-0.907226][0.789327,0.907969,0.000000]
[5.158483,-22.838411,0.165329][0.716773,0.091910,0.691223][0.710522,0.941757,0.000000][5.445042,-21.072029,-1.589877][0.993910,0.064392,0.089421][0.743852,0.908216,0.000000][4.920918,-21.059040,-0.055165][0.710966,0.085072,0.698062][0.714709,0.907969,0.000000]
[5.445042,-21.072029,-1.589877][0.993910,0.064392,0.089421][0.743852,0.908216,0.000000][5.800118,-22.998203,-1.893141][0.973588,0.194009,0.120358][0.749610,0.944791,0.000000][5.099029,-21.072029,-3.228749][0.825875,0.231402,-0.514182][0.774972,0.908216,0.000000]
[5.445042,-21.072029,-1.589877][0.993910,0.064392,0.089421][0.743852,0.908216,0.000000][5.158483,-22.838411,0.165329][0.716773,0.091910,0.691223][0.710522,0.941757,0.000000][5.800118,-22.998203,-1.893141][0.973588,0.194009,0.120358][0.749610,0.944791,0.000000]
[3.969392,-22.862535,-5.495822][0.066835,0.839159,-0.539764][0.818021,0.942215,0.000000][5.099029,-21.072029,-3.228749][0.825875,0.231402,-0.514182][0.774972,0.908216,0.000000][5.612309,-23.007114,-4.436893][0.692603,0.657132,-0.297454][0.797913,0.944961,0.000000]
[5.099029,-21.072029,-3.228749][0.825875,0.231402,-0.514182][0.774972,0.908216,0.000000][5.800118,-22.998203,-1.893141][0.973588,0.194009,0.120358][0.749610,0.944791,0.000000][5.612309,-23.007114,-4.436893][0.692603,0.657132,-0.297454][0.797913,0.944961,0.000000]
[5.612309,-23.007114,-4.436893][0.692603,0.657132,-0.297454][0.797913,0.944961,0.000000][6.106772,-23.906824,-6.817763][0.783330,0.502810,-0.365480][0.843123,0.962045,0.000000][3.969392,-22.862535,-5.495822][0.066835,0.839159,-0.539764][0.818021,0.942215,0.000000]
[4.295483,-23.911369,-7.965262][0.080897,0.691348,-0.717979][0.864913,0.962131,0.000000][3.969392,-22.862535,-5.495822][0.066835,0.839159,-0.539764][0.818021,0.942215,0.000000][6.106772,-23.906824,-6.817763][0.783330,0.502810,-0.365480][0.843123,0.962045,0.000000]
[6.106772,-23.906824,-6.817763][0.783330,0.502810,-0.365480][0.843123,0.962045,0.000000][4.341813,-24.802311,-8.149840][0.105965,-0.468942,-0.876850][0.868418,0.979049,0.000000][4.295483,-23.911369,-7.965262][0.080897,0.691348,-0.717979][0.864913,0.962131,0.000000]
[4.341813,-24.802311,-8.149840][0.105965,-0.468942,-0.876850][0.868418,0.979049,0.000000][6.106772,-23.906824,-6.817763][0.783330,0.502810,-0.365480][0.843123,0.962045,0.000000][6.153210,-24.727884,-7.502835][0.672672,-0.456680,-0.582199][0.856132,0.977636,0.000000]
[6.153210,-24.727884,-7.502835][0.672672,-0.456680,-0.582199][0.856132,0.977636,0.000000][3.939986,-25.000000,-4.812497][0.002998,-0.999985,-0.004693][0.805045,0.982803,0.000000][4.341813,-24.802311,-8.149840][0.105965,-0.468942,-0.876850][0.868418,0.979049,0.000000]
[6.106772,-23.906824,-6.817763][0.783330,0.502810,-0.365480][0.843123,0.962045,0.000000][6.011915,-24.791172,-4.592268][0.686523,-0.726179,0.036734][0.800864,0.978838,0.000000][6.153210,-24.727884,-7.502835][0.672672,-0.456680,-0.582199][0.856132,0.977636,0.000000]
[3.939986,-25.000000,-4.812497][0.002998,-0.999985,-0.004693][0.805045,0.982803,0.000000][6.153210,-24.727884,-7.502835][0.672672,-0.456680,-0.582199][0.856132,0.977636,0.000000][6.011915,-24.791172,-4.592268][0.686523,-0.726179,0.036734][0.800864,0.978838,0.000000]
[5.612309,-23.007114,-4.436893][0.692603,0.657132,-0.297454][0.797913,0.944961,0.000000][6.247467,-23.780849,-3.924134][0.979919,0.194733,0.042868][0.788176,0.959653,0.000000][6.106772,-23.906824,-6.817763][0.783330,0.502810,-0.365480][0.843123,0.962045,0.000000]
[5.612309,-23.007114,-4.436893][0.692603,0.657132,-0.297454][0.797913,0.944961,0.000000][5.800118,-22.998203,-1.893141][0.973588,0.194009,0.120358][0.749610,0.944791,0.000000][6.247467,-23.780849,-3.924134][0.979919,0.194733,0.042868][0.788176,0.959653,0.000000]
[6.106772,-23.906824,-6.817763][0.783330,0.502810,-0.365480][0.843123,0.962045,0.000000][6.247467,-23.780849,-3.924134][0.979919,0.194733,0.042868][0.788176,0.959653,0.000000][6.011915,-24.791172,-4.592268][0.686523,-0.726179,0.036734][0.800864,0.978838,0.000000]
[6.011915,-24.791172,-4.592268][0.686523,-0.726179,0.036734][0.800864,0.978838,0.000000][5.474297,-24.713034,-0.747114][0.578151,-0.745148,0.332408][0.727849,0.977354,0.000000][3.939986,-25.000000,-4.812497][0.002998,-0.999985,-0.004693][0.805045,0.982803,0.000000]
[6.247467,-23.780849,-3.924134][0.979919,0.194733,0.042868][0.788176,0.959653,0.000000][5.474297,-24.713034,-0.747114][0.578151,-0.745148,0.332408][0.727849,0.977354,0.000000][6.011915,-24.791172,-4.592268][0.686523,-0.726179,0.036734][0.800864,0.978838,0.000000]
[3.939986,-25.000000,-4.812497][0.002998,-0.999985,-0.004693][0.805045,0.982803,0.000000][5.474297,-24.713034,-0.747114][0.578151,-0.745148,0.332408][0.727849,0.977354,0.000000][3.614958,-24.802311,-0.176146][-0.025469,-0.873756,0.485696][0.717007,0.979049,0.000000]
[5.474297,-24.713034,-0.747114][0.578151,-0.745148,0.332408][0.727849,0.977354,0.000000][3.487028,-23.889095,1.024799][-0.068185,-0.386680,0.919690][0.694202,0.961708,0.000000][3.614958,-24.802311,-0.176146][-0.025469,-0.873756,0.485696][0.717007,0.979049,0.000000]
[6.247467,-23.780849,-3.924134][0.979919,0.194733,0.042868][0.788176,0.959653,0.000000][5.553622,-23.765341,-0.370434][0.826299,-0.182764,0.532754][0.720696,0.959358,0.000000][5.474297,-24.713034,-0.747114][0.578151,-0.745148,0.332408][0.727849,0.977354,0.000000]
[3.487028,-23.889095,1.024799][-0.068185,-0.386680,0.919690][0.694202,0.961708,0.000000][5.474297,-24.713034,-0.747114][0.578151,-0.745148,0.332408][0.727849,0.977354,0.000000][5.553622,-23.765341,-0.370434][0.826299,-0.182764,0.532754][0.720696,0.959358,0.000000]
[5.800118,-22.998203,-1.893141][0.973588,0.194009,0.120358][0.749610,0.944791,0.000000][5.553622,-23.765341,-0.370434][0.826299,-0.182764,0.532754][0.720696,0.959358,0.000000][6.247467,-23.780849,-3.924134][0.979919,0.194733,0.042868][0.788176,0.959653,0.000000]
[5.158483,-22.838411,0.165329][0.716773,0.091910,0.691223][0.710522,0.941757,0.000000][3.487028,-23.889095,1.024799][-0.068185,-0.386680,0.919690][0.694202,0.961708,0.000000][5.553622,-23.765341,-0.370434][0.826299,-0.182764,0.532754][0.720696,0.959358,0.000000]
[5.800118,-22.998203,-1.893141][0.973588,0.194009,0.120358][0.749610,0.944791,0.000000][5.158483,-22.838411,0.165329][0.716773,0.091910,0.691223][0.710522,0.941757,0.000000][5.553622,-23.765341,-0.370434][0.826299,-0.182764,0.532754][0.720696,0.959358,0.000000]
[-3.939986,-25.000000,-4.812497][-0.002998,-0.999985,-0.004693][0.805045,0.982803,0.000000][-6.153210,-24.727884,-7.502835][-0.672672,-0.456680,-0.582198][0.856132,0.977636,0.000000][-4.341813,-24.802311,-8.149840][-0.105965,-0.468942,-0.876850][0.868418,0.979049,0.000000]
[-6.106772,-23.906824,-6.817763][-0.783330,0.502810,-0.365480][0.843123,0.962045,0.000000][-4.341813,-24.802311,-8.149840][-0.105965,-0.468942,-0.876850][0.868418,0.979049,0.000000][-6.153210,-24.727884,-7.502835][-0.672672,-0.456680,-0.582198][0.856132,0.977636,0.000000]
[-4.341813,-24.802311,-8.149840][-0.105965,-0.468942,-0.876850][0.868418,0.979049,0.000000][-6.106772,-23.906824,-6.817763][-0.783330,0.502810,-0.365480][0.843123,0.962045,0.000000][-4.295483,-23.911369,-7.965262][-0.080897,0.691348,-0.717978][0.864913,0.962131,0.000000]
[-6.153210,-24.727884,-7.502835][-0.672672,-0.456680,-0.582198][0.856132,0.977636,0.000000][-3.939986,-25.000000,-4.812497][-0.002998,-0.999985,-0.004693][0.805045,0.982803,0.000000][-6.011915,-24.791172,-4.592268][-0.686523,-0.726179,0.036734][0.800864,0.978838,0.000000]
[-6.153210,-24.727884,-7.502835][-0.672672,-0.456680,-0.582198][0.856132,0.977636,0.000000][-6.011915,-24.791172,-4.592268][-0.686523,-0.726179,0.036734][0.800864,0.978838,0.000000][-6.106772,-23.906824,-6.817763][-0.783330,0.502810,-0.365480][0.843123,0.962045,0.000000]
[-3.969392,-22.862535,-5.495822][-0.066835,0.839159,-0.539764][0.818021,0.942215,0.000000][-4.295483,-23.911369,-7.965262][-0.080897,0.691348,-0.717978][0.864913,0.962131,0.000000][-6.106772,-23.906824,-6.817763][-0.783330,0.502810,-0.365480][0.843123,0.962045,0.000000]
[-3.939986,-25.000000,-4.812497][-0.002998,-0.999985,-0.004693][0.805045,0.982803,0.000000][-5.474297,-24.713034,-0.747114][-0.578151,-0.745149,0.332408][0.727849,0.977354,0.000000][-6.011915,-24.791172,-4.592268][-0.686523,-0.726179,0.036734][0.800864,0.978838,0.000000]
[-5.474297,-24.713034,-0.747114][-0.578151,-0.745149,0.332408][0.727849,0.977354,0.000000][-3.939986,-25.000000,-4.812497][-0.002998,-0.999985,-0.004693][0.805045,0.982803,0.000000][-3.614958,-24.802311,-0.176146][0.025469,-0.873756,0.485696][0.717007,0.979049,0.000000]
[-3.487028,-23.889095,1.024799][0.068185,-0.386680,0.919690][0.694202,0.961708,0.000000][-5.474297,-24.713034,-0.747114][-0.578151,-0.745149,0.332408][0.727849,0.977354,0.000000][-3.614958,-24.802311,-0.176146][0.025469,-0.873756,0.485696][0.717007,0.979049,0.000000]
[-6.011915,-24.791172,-4.592268][-0.686523,-0.726179,0.036734][0.800864,0.978838,0.000000][-5.474297,-24.713034,-0.747114][-0.578151,-0.745149,0.332408][0.727849,0.977354,0.000000][-6.247468,-23.780849,-3.924134][-0.979919,0.194733,0.042868][0.788176,0.959653,0.000000]
[-6.247468,-23.780849,-3.924134][-0.979919,0.194733,0.042868][0.788176,0.959653,0.000000][-6.106772,-23.906824,-6.817763][-0.783330,0.502810,-0.365480][0.843123,0.962045,0.000000][-6.011915,-24.791172,-4.592268][-0.686523,-0.726179,0.036734][0.800864,0.978838,0.000000]
[-5.474297,-24.713034,-0.747114][-0.578151,-0.745149,0.332408][0.727849,0.977354,0.000000][-3.487028,-23.889095,1.024799][0.068185,-0.386680,0.919690][0.694202,0.961708,0.000000][-5.553622,-23.765341,-0.370434][-0.826299,-0.182764,0.532754][0.720696,0.959358,0.000000]
[-5.553622,-23.765341,-0.370434][-0.826299,-0.182764,0.532754][0.720696,0.959358,0.000000][-6.247468,-23.780849,-3.924134][-0.979919,0.194733,0.042868][0.788176,0.959653,0.000000][-5.474297,-24.713034,-0.747114][-0.578151,-0.745149,0.332408][0.727849,0.977354,0.000000]
[-5.158483,-22.838411,0.165329][-0.716773,0.091910,0.691223][0.710522,0.941757,0.000000][-5.553622,-23.765341,-0.370434][-0.826299,-0.182764,0.532754][0.720696,0.959358,0.000000][-3.487028,-23.889095,1.024799][0.068185,-0.386680,0.919690][0.694202,0.961708,0.000000]
[-3.509655,-22.808115,0.981742][0.057541,0.052546,0.996959][0.695020,0.941182,0.000000][-5.158483,-22.838411,0.165329][-0.716773,0.091910,0.691223][0.710522,0.941757,0.000000][-3.487028,-23.889095,1.024799][0.068185,-0.386680,0.919690][0.694202,0.961708,0.000000]
[-5.800118,-22.998203,-1.893141][-0.973588,0.194009,0.120358][0.749610,0.944791,0.000000][-6.247468,-23.780849,-3.924134][-0.979919,0.194733,0.042868][0.788176,0.959653,0.000000][-5.553622,-23.765341,-0.370434][-0.826299,-0.182764,0.532754][0.720696,0.959358,0.000000]
[-5.800118,-22.998203,-1.893141][-0.973588,0.194009,0.120358][0.749610,0.944791,0.000000][-5.553622,-23.765341,-0.370434][-0.826299,-0.182764,0.532754][0.720696,0.959358,0.000000][-5.158483,-22.838411,0.165329][-0.716773,0.091910,0.691223][0.710522,0.941757,0.000000]
[-5.612309,-23.007114,-4.436893][-0.692603,0.657132,-0.297454][0.797913,0.944961,0.000000][-6.106772,-23.906824,-6.817763][-0.783330,0.502810,-0.365480][0.843123,0.962045,0.000000][-6.247468,-23.780849,-3.924134][-0.979919,0.194733,0.042868][0.788176,0.959653,0.000000]
[-5.612309,-23.007114,-4.436893][-0.692603,0.657132,-0.297454][0.797913,0.944961,0.000000][-6.247468,-23.780849,-3.924134][-0.979919,0.194733,0.042868][0.788176,0.959653,0.000000][-5.800118,-22.998203,-1.893141][-0.973588,0.194009,0.120358][0.749610,0.944791,0.000000]
[-3.969392,-22.862535,-5.495822][-0.066835,0.839159,-0.539764][0.818021,0.942215,0.000000][-6.106772,-23.906824,-6.817763][-0.783330,0.502810,-0.365480][0.843123,0.962045,0.000000][-5.612309,-23.007114,-4.436893][-0.692603,0.657132,-0.297454][0.797913,0.944961,0.000000]
[-5.099029,-21.072029,-3.228749][-0.825875,0.231402,-0.514182][0.774972,0.908216,0.000000][-3.969392,-22.862535,-5.495822][-0.066835,0.839159,-0.539764][0.818021,0.942215,0.000000][-5.612309,-23.007114,-4.436893][-0.692603,0.657132,-0.297454][0.797913,0.944961,0.000000]
[-5.099029,-21.072029,-3.228749][-0.825875,0.231402,-0.514182][0.774972,0.908216,0.000000][-5.612309,-23.007114,-4.436893][-0.692603,0.657132,-0.297454][0.797913,0.944961,0.000000][-5.800118,-22.998203,-1.893141][-0.973588,0.194009,0.120358][0.749610,0.944791,0.000000]
[-3.969392,-22.862535,-5.495822][-0.066835,0.839159,-0.539764][0.818021,0.942215,0.000000][-5.099029,-21.072029,-3.228749][-0.825875,0.231402,-0.514182][0.774972,0.908216,0.000000][-3.889739,-21.059040,-3.984717][-0.107877,0.406574,-0.907226][0.789327,0.907969,0.000000]
[-5.099029,-21.072029,-3.228749][-0.825875,0.231402,-0.514182][0.774972,0.908216,0.000000][-3.978485,-18.620737,-3.703248][-0.104355,-0.007453,-0.994512][0.783982,0.861669,0.000000][-3.889739,-21.059040,-3.984717][-0.107877,0.406574,-0.907226][0.789327,0.907969,0.000000]
[-3.509655,-22.808115,0.981742][0.057541,0.052546,0.996959][0.695020,0.941182,0.000000][-4.920918,-21.059040,-0.055165][-0.710966,0.085072,0.698062][0.714709,0.907969,0.000000][-5.158483,-22.838411,0.165329][-0.716773,0.091910,0.691223][0.710522,0.941757,0.000000]
[-4.920918,-21.059040,-0.055165][-0.710966,0.085072,0.698062][0.714709,0.907969,0.000000][-3.509655,-22.808115,0.981742][0.057541,0.052546,0.996959][0.695020,0.941182,0.000000][-3.569266,-21.059040,0.453389][0.059266,0.152917,0.986460][0.705052,0.907969,0.000000]
[-5.158483,-22.838411,0.165329][-0.716773,0.091910,0.691223][0.710522,0.941757,0.000000][-5.445042,-21.072029,-1.589877][-0.993910,0.064392,0.089421][0.743852,0.908216,0.000000][-5.800118,-22.998203,-1.893141][-0.973588,0.194009,0.120358][0.749610,0.944791,0.000000]
[-5.445042,-21.072029,-1.589877][-0.993910,0.064392,0.089421][0.743852,0.908216,0.000000][-5.099029,-21.072029,-3.228749][-0.825875,0.231402,-0.514182][0.774972,0.908216,0.000000][-5.800118,-22.998203,-1.893141][-0.973588,0.194009,0.120358][0.749610,0.944791,0.000000]
[-5.445042,-21.072029,-1.589877][-0.993910,0.064392,0.089421][0.743852,0.908216,0.000000][-5.158483,-22.838411,0.165329][-0.716773,0.091910,0.691223][0.710522,0.941757,0.000000][-4.920918,-21.059040,-0.055165][-0.710966,0.085072,0.698062][0.714709,0.907969,0.000000]
[-3.978485,-18.620737,-3.703248][-0.104355,-0.007453,-0.994512][0.783982,0.861669,0.000000][-5.099029,-21.072029,-3.228749][-0.825875,0.231402,-0.514182][0.774972,0.908216,0.000000][-5.297143,-18.620737,-3.008834][-0.792585,-0.073041,-0.605371][0.770796,0.861669,0.000000]
[-5.445042,-21.072029,-1.589877][-0.993910,0.064392,0.089421][0.743852,0.908216,0.000000][-5.297143,-18.620737,-3.008834][-0.792585,-0.073041,-0.605371][0.770796,0.861669,0.000000][-5.099029,-21.072029,-3.228749][-0.825875,0.231402,-0.514182][0.774972,0.908216,0.000000]
[-3.635415,-18.620737,0.324690][0.079058,-0.032746,0.996332][0.707496,0.861669,0.000000][-4.920918,-21.059040,-0.055165][-0.710966,0.085072,0.698062][0.714709,0.907969,0.000000][-3.569266,-21.059040,0.453389][0.059266,0.152917,0.986460][0.705052,0.907969,0.000000]
[-5.297143,-18.620737,-3.008834][-0.792585,-0.073041,-0.605371][0.770796,0.861669,0.000000][-4.026417,-16.057840,-3.926426][-0.092696,0.009469,-0.995649][0.788220,0.813002,0.000000][-3.978485,-18.620737,-3.703248][-0.104355,-0.007453,-0.994512][0.783982,0.861669,0.000000]
[-4.920918,-21.059040,-0.055165][-0.710966,0.085072,0.698062][0.714709,0.907969,0.000000][-5.698913,-18.620737,-1.513279][-0.990734,-0.110713,0.078674][0.742397,0.861669,0.000000][-5.445042,-21.072029,-1.589877][-0.993910,0.064392,0.089421][0.743852,0.908216,0.000000]
[-5.297143,-18.620737,-3.008834][-0.792585,-0.073041,-0.605371][0.770796,0.861669,0.000000][-5.445042,-21.072029,-1.589877][-0.993910,0.064392,0.089421][0.743852,0.908216,0.000000][-5.698913,-18.620737,-1.513279][-0.990734,-0.110713,0.078674][0.742397,0.861669,0.000000]
[-5.072091,-18.620737,-0.110550][-0.672454,-0.080447,0.735754][0.715761,0.861669,0.000000][-4.920918,-21.059040,-0.055165][-0.710966,0.085072,0.698062][0.714709,0.907969,0.000000][-3.635415,-18.620737,0.324690][0.079058,-0.032746,0.996332][0.707496,0.861669,0.000000]
[-5.698913,-18.620737,-1.513279][-0.990734,-0.110713,0.078674][0.742397,0.861669,0.000000][-4.920918,-21.059040,-0.055165][-0.710966,0.085072,0.698062][0.714709,0.907969,0.000000][-5.072091,-18.620737,-0.110550][-0.672454,-0.080447,0.735754][0.715761,0.861669,0.000000]
[-3.625634,-16.057840,0.556357][0.087913,0.009632,0.996082][0.703097,0.813002,0.000000][-5.072091,-18.620737,-0.110550][-0.672454,-0.080447,0.735754][0.715761,0.861669,0.000000][-3.635415,-18.620737,0.324690][0.079058,-0.032746,0.996332][0.707496,0.861669,0.000000]
[-6.055123,-16.057840,-1.484014][-0.996193,-0.010723,0.086515][0.741841,0.813002,0.000000][-5.297143,-18.620737,-3.008834][-0.792585,-0.073041,-0.605371][0.770796,0.861669,0.000000][-5.698913,-18.620737,-1.513279][-0.990734,-0.110713,0.078674][0.742397,0.861669,0.000000]
[-5.072091,-18.620737,-0.110550][-0.672454,-0.080447,0.735754][0.715761,0.861669,0.000000][-6.055123,-16.057840,-1.484014][-0.996193,-0.010723,0.086515][0.741841,0.813002,0.000000][-5.698913,-18.620737,-1.513279][-0.990734,-0.110713,0.078674][0.742397,0.861669,0.000000]
[-5.072091,-18.620737,-0.110550][-0.672454,-0.080447,0.735754][0.715761,0.861669,0.000000][-3.625634,-16.057840,0.556357][0.087913,0.009632,0.996082][0.703097,0.813002,0.000000][-5.326851,-16.071466,0.117037][-0.648366,0.000742,0.761328][0.711439,0.813261,0.000000]
[-6.055123,-16.057840,-1.484014][-0.996193,-0.010723,0.086515][0.741841,0.813002,0.000000][-5.072091,-18.620737,-0.110550][-0.672454,-0.080447,0.735754][0.715761,0.861669,0.000000][-5.326851,-16.071466,0.117037][-0.648366,0.000742,0.761328][0.711439,0.813261,0.000000]
[-3.625634,-16.057840,0.556357][0.087913,0.009632,0.996082][0.703097,0.813002,0.000000][-5.267766,-14.163814,0.039876][-0.539047,0.544131,0.642922][0.712905,0.777037,0.000000][-5.326851,-16.071466,0.117037][-0.648366,0.000742,0.761328][0.711439,0.813261,0.000000]
[-5.267766,-14.163814,0.039876][-0.539047,0.544131,0.642922][0.712905,0.777037,0.000000][-6.055123,-16.057840,-1.484014][-0.996193,-0.010723,0.086515][0.741841,0.813002,0.000000][-5.326851,-16.071466,0.117037][-0.648366,0.000742,0.761328][0.711439,0.813261,0.000000]
[-5.267766,-14.163814,0.039876][-0.539047,0.544131,0.642922][0.712905,0.777037,0.000000][-3.625634,-16.057840,0.556357][0.087913,0.009632,0.996082][0.703097,0.813002,0.000000][-3.660549,-14.000300,0.168576][0.065823,0.674931,0.734939][0.710461,0.773932,0.000000]
[-3.660549,-14.000300,0.168576][0.065823,0.674931,0.734939][0.710461,0.773932,0.000000][-3.826791,-13.564265,-1.685034][-0.000006,1.000000,0.000000][0.745659,0.765652,0.000000][-5.267766,-14.163814,0.039876][-0.539047,0.544131,0.642922][0.712905,0.777037,0.000000]
[-6.055123,-16.057840,-1.484014][-0.996193,-0.010723,0.086515][0.741841,0.813002,0.000000][-5.267766,-14.163814,0.039876][-0.539047,0.544131,0.642922][0.712905,0.777037,0.000000][-5.680166,-14.000300,-1.518792][-0.736557,0.673174,0.065731][0.742502,0.773932,0.000000]
[-5.267766,-14.163814,0.039876][-0.539047,0.544131,0.642922][0.712905,0.777037,0.000000][-3.826791,-13.564265,-1.685034][-0.000006,1.000000,0.000000][0.745659,0.765652,0.000000][-5.680166,-14.000300,-1.518792][-0.736557,0.673174,0.065731][0.742502,0.773932,0.000000]
[-5.297143,-18.620737,-3.008834][-0.792585,-0.073041,-0.605371][0.770796,0.861669,0.000000][-6.055123,-16.057840,-1.484014][-0.996193,-0.010723,0.086515][0.741841,0.813002,0.000000][-5.620142,-16.071466,-3.190470][-0.773127,-0.002357,-0.634247][0.774245,0.813261,0.000000]
[-4.026417,-16.057840,-3.926426][-0.092696,0.009469,-0.995649][0.788220,0.813002,0.000000][-5.297143,-18.620737,-3.008834][-0.792585,-0.073041,-0.605371][0.770796,0.861669,0.000000][-5.620142,-16.071466,-3.190470][-0.773127,-0.002357,-0.634247][0.774245,0.813261,0.000000]
[-5.551680,-14.163813,-3.126010][-0.645108,0.543641,-0.536926][0.773021,0.777037,0.000000][-6.055123,-16.057840,-1.484014][-0.996193,-0.010723,0.086515][0.741841,0.813002,0.000000][-5.680166,-14.000300,-1.518792][-0.736557,0.673174,0.065731][0.742502,0.773932,0.000000]
[-5.680166,-14.000300,-1.518792][-0.736557,0.673174,0.065731][0.742502,0.773932,0.000000][-3.826791,-13.564265,-1.685034][-0.000006,1.000000,0.000000][0.745659,0.765652,0.000000][-5.551680,-14.163813,-3.126010][-0.645108,0.543641,-0.536926][0.773021,0.777037,0.000000]
[-6.055123,-16.057840,-1.484014][-0.996193,-0.010723,0.086515][0.741841,0.813002,0.000000][-5.551680,-14.163813,-3.126010][-0.645108,0.543641,-0.536926][0.773021,0.777037,0.000000][-5.620142,-16.071466,-3.190470][-0.773127,-0.002357,-0.634247][0.774245,0.813261,0.000000]
[-5.551680,-14.163813,-3.126010][-0.645108,0.543641,-0.536926][0.773021,0.777037,0.000000][-4.026417,-16.057840,-3.926426][-0.092696,0.009469,-0.995649][0.788220,0.813002,0.000000][-5.620142,-16.071466,-3.190470][-0.773127,-0.002357,-0.634247][0.774245,0.813261,0.000000]
[-3.826791,-13.564265,-1.685034][-0.000006,1.000000,0.000000][0.745659,0.765652,0.000000][-3.993033,-14.000300,-3.538645][-0.066206,0.674839,-0.734989][0.780856,0.773932,0.000000][-5.551680,-14.163813,-3.126010][-0.645108,0.543641,-0.536926][0.773021,0.777037,0.000000]
[-4.026417,-16.057840,-3.926426][-0.092696,0.009469,-0.995649][0.788220,0.813002,0.000000][-5.551680,-14.163813,-3.126010][-0.645108,0.543641,-0.536926][0.773021,0.777037,0.000000][-3.993033,-14.000300,-3.538645][-0.066206,0.674839,-0.734989][0.780856,0.773932,0.000000]
[2.101881,-14.163814,-0.244059][-0.643368,0.545177,0.537457][0.960254,0.971942,0.000000][1.585399,-16.057840,-1.886056][-0.995992,0.011171,-0.088740][0.927929,0.934656,0.000000][2.024719,-16.071466,-0.179599][-0.767062,0.013232,0.641437][0.961523,0.934387,0.000000]
[3.625634,-16.057840,0.556357][-0.087913,0.009632,0.996082][0.976011,0.934656,0.000000][2.101881,-14.163814,-0.244059][-0.643368,0.545177,0.537457][0.960254,0.971942,0.000000][2.024719,-16.071466,-0.179599][-0.767062,0.013232,0.641437][0.961523,0.934387,0.000000]
[2.101881,-14.163814,-0.244059][-0.643368,0.545177,0.537457][0.960254,0.971942,0.000000][3.625634,-16.057840,0.556357][-0.087913,0.009632,0.996082][0.976011,0.934656,0.000000][3.660549,-14.000300,0.168576][-0.065823,0.674931,0.734939][0.968377,0.975161,0.000000]
[3.660549,-14.000300,0.168576][-0.065823,0.674931,0.734939][0.968377,0.975161,0.000000][3.826791,-13.564265,-1.685034][0.000006,1.000000,0.000000][0.931886,0.983745,0.000000][2.101881,-14.163814,-0.244059][-0.643368,0.545177,0.537457][0.960254,0.971942,0.000000]
[2.024719,-16.071466,-0.179599][-0.767062,0.013232,0.641437][0.961523,0.934387,0.000000][2.252033,-18.620737,-0.369723][-0.764725,-0.022532,0.643963][0.957780,0.884202,0.000000][3.625634,-16.057840,0.556357][-0.087913,0.009632,0.996082][0.976011,0.934656,0.000000]
[2.024719,-16.071466,-0.179599][-0.767062,0.013232,0.641437][0.961523,0.934387,0.000000][1.585399,-16.057840,-1.886056][-0.995992,0.011171,-0.088740][0.927929,0.934656,0.000000][2.252033,-18.620737,-0.369723][-0.764725,-0.022532,0.643963][0.957780,0.884202,0.000000]
[3.625634,-16.057840,0.556357][-0.087913,0.009632,0.996082][0.976011,0.934656,0.000000][2.252033,-18.620737,-0.369723][-0.764725,-0.022532,0.643963][0.957780,0.884202,0.000000][3.635415,-18.620737,0.324690][-0.079058,-0.032746,0.996332][0.971450,0.884202,0.000000]
[2.252033,-18.620737,-0.369723][-0.764725,-0.022532,0.643963][0.957780,0.884202,0.000000][3.569266,-21.059040,0.453389][-0.059266,0.152917,0.986460][0.973984,0.836201,0.000000][3.635415,-18.620737,0.324690][-0.079058,-0.032746,0.996332][0.971450,0.884202,0.000000]
[2.101881,-14.163814,-0.244059][-0.643368,0.545177,0.537457][0.960254,0.971942,0.000000][3.826791,-13.564265,-1.685034][0.000006,1.000000,0.000000][0.931886,0.983745,0.000000][1.973180,-14.000300,-1.851277][-0.734902,0.674963,-0.065910][0.928613,0.975161,0.000000]
[1.585399,-16.057840,-1.886056][-0.995992,0.011171,-0.088740][0.927929,0.934656,0.000000][2.101881,-14.163814,-0.244059][-0.643368,0.545177,0.537457][0.960254,0.971942,0.000000][1.973180,-14.000300,-1.851277][-0.734902,0.674963,-0.065910][0.928613,0.975161,0.000000]
[1.973180,-14.000300,-1.851277][-0.734902,0.674963,-0.065910][0.928613,0.975161,0.000000][3.826791,-13.564265,-1.685034][0.000006,1.000000,0.000000][0.931886,0.983745,0.000000][2.385815,-14.163813,-3.409945][-0.537479,0.545186,-0.643341][0.897929,0.971942,0.000000]
[2.385815,-14.163813,-3.409945][-0.537479,0.545186,-0.643341][0.897929,0.971942,0.000000][1.585399,-16.057840,-1.886056][-0.995992,0.011171,-0.088740][0.927929,0.934656,0.000000][1.973180,-14.000300,-1.851277][-0.734902,0.674963,-0.065910][0.928613,0.975161,0.000000]
[3.826791,-13.564265,-1.685034][0.000006,1.000000,0.000000][0.931886,0.983745,0.000000][3.993033,-14.000300,-3.538645][0.066206,0.674839,-0.734989][0.895396,0.975161,0.000000][2.385815,-14.163813,-3.409945][-0.537479,0.545186,-0.643341][0.897929,0.971942,0.000000]
[4.026417,-16.057840,-3.926426][0.092696,0.009469,-0.995649][0.887762,0.934656,0.000000][2.385815,-14.163813,-3.409945][-0.537479,0.545186,-0.643341][0.897929,0.971942,0.000000][3.993033,-14.000300,-3.538645][0.066206,0.674839,-0.734989][0.895396,0.975161,0.000000]
[1.585399,-16.057840,-1.886056][-0.995992,0.011171,-0.088740][0.927929,0.934656,0.000000][2.385815,-14.163813,-3.409945][-0.537479,0.545186,-0.643341][0.897929,0.971942,0.000000][2.321355,-16.071466,-3.487107][-0.642170,0.013720,-0.766439][0.896410,0.934387,0.000000]
[2.385815,-14.163813,-3.409945][-0.537479,0.545186,-0.643341][0.897929,0.971942,0.000000][4.026417,-16.057840,-3.926426][0.092696,0.009469,-0.995649][0.887762,0.934656,0.000000][2.321355,-16.071466,-3.487107][-0.642170,0.013720,-0.766439][0.896410,0.934387,0.000000]
[2.321355,-16.071466,-3.487107][-0.642170,0.013720,-0.766439][0.896410,0.934387,0.000000][4.026417,-16.057840,-3.926426][0.092696,0.009469,-0.995649][0.887762,0.934656,0.000000][2.509499,-18.620737,-3.268008][-0.658552,-0.009633,-0.752474][0.900723,0.884202,0.000000]
[2.321355,-16.071466,-3.487107][-0.642170,0.013720,-0.766439][0.896410,0.934387,0.000000][2.509499,-18.620737,-3.268008][-0.658552,-0.009633,-0.752474][0.900723,0.884202,0.000000][1.585399,-16.057840,-1.886056][-0.995992,0.011171,-0.088740][0.927929,0.934656,0.000000]
[4.026417,-16.057840,-3.926426][0.092696,0.009469,-0.995649][0.887762,0.934656,0.000000][3.978485,-18.620737,-3.703248][0.104355,-0.007453,-0.994512][0.892155,0.884202,0.000000][2.509499,-18.620737,-3.268008][-0.658552,-0.009633,-0.752474][0.900723,0.884202,0.000000]
[3.978485,-18.620737,-3.703248][0.104355,-0.007453,-0.994512][0.892155,0.884202,0.000000][3.889739,-21.059040,-3.984717][0.107877,0.406574,-0.907226][0.886614,0.836201,0.000000][2.509499,-18.620737,-3.268008][-0.658552,-0.009633,-0.752474][0.900723,0.884202,0.000000]
[2.509499,-18.620737,-3.268008][-0.658552,-0.009633,-0.752474][0.900723,0.884202,0.000000][3.889739,-21.059040,-3.984717][0.107877,0.406574,-0.907226][0.886614,0.836201,0.000000][2.407545,-21.097271,-3.475592][-0.670154,0.355250,-0.651684][0.896637,0.835448,0.000000]
[1.585399,-16.057840,-1.886056][-0.995992,0.011171,-0.088740][0.927929,0.934656,0.000000][2.509499,-18.620737,-3.268008][-0.658552,-0.009633,-0.752474][0.900723,0.884202,0.000000][1.813537,-18.645981,-1.843742][-0.996959,-0.022038,-0.074742][0.928762,0.883705,0.000000]
[1.585399,-16.057840,-1.886056][-0.995992,0.011171,-0.088740][0.927929,0.934656,0.000000][1.813537,-18.645981,-1.843742][-0.996959,-0.022038,-0.074742][0.928762,0.883705,0.000000][2.252033,-18.620737,-0.369723][-0.764725,-0.022532,0.643963][0.957780,0.884202,0.000000]
[1.813537,-18.645981,-1.843742][-0.996959,-0.022038,-0.074742][0.928762,0.883705,0.000000][2.509499,-18.620737,-3.268008][-0.658552,-0.009633,-0.752474][0.900723,0.884202,0.000000][2.407545,-21.097271,-3.475592][-0.670154,0.355250,-0.651684][0.896637,0.835448,0.000000]
[3.969392,-22.862535,-5.495822][0.066835,0.839159,-0.539764][0.856866,0.800697,0.000000][2.407545,-21.097271,-3.475592][-0.670154,0.355250,-0.651684][0.896637,0.835448,0.000000][3.889739,-21.059040,-3.984717][0.107877,0.406574,-0.907226][0.886614,0.836201,0.000000]
[2.252033,-18.620737,-0.369723][-0.764725,-0.022532,0.643963][0.957780,0.884202,0.000000][1.813537,-18.645981,-1.843742][-0.996959,-0.022038,-0.074742][0.928762,0.883705,0.000000][2.177018,-21.055838,-0.287851][-0.757783,0.159477,0.632719][0.959391,0.836264,0.000000]
[3.569266,-21.059040,0.453389][-0.059266,0.152917,0.986460][0.973984,0.836201,0.000000][2.252033,-18.620737,-0.369723][-0.764725,-0.022532,0.643963][0.957780,0.884202,0.000000][2.177018,-21.055838,-0.287851][-0.757783,0.159477,0.632719][0.959391,0.836264,0.000000]
[2.177018,-21.055838,-0.287851][-0.757783,0.159477,0.632719][0.959391,0.836264,0.000000][3.509655,-22.808115,0.981742][-0.057541,0.052546,0.996959][0.984385,0.801768,0.000000][3.569266,-21.059040,0.453389][-0.059266,0.152917,0.986460][0.973984,0.836201,0.000000]
[1.813537,-18.645981,-1.843742][-0.996959,-0.022038,-0.074742][0.928762,0.883705,0.000000][1.664676,-21.344137,-1.671439][-0.978342,0.206051,0.019757][0.932154,0.830588,0.000000][2.177018,-21.055838,-0.287851][-0.757783,0.159477,0.632719][0.959391,0.836264,0.000000]
[1.813537,-18.645981,-1.843742][-0.996959,-0.022038,-0.074742][0.928762,0.883705,0.000000][2.407545,-21.097271,-3.475592][-0.670154,0.355250,-0.651684][0.896637,0.835448,0.000000][1.664676,-21.344137,-1.671439][-0.978342,0.206051,0.019757][0.932154,0.830588,0.000000]
[3.509655,-22.808115,0.981742][-0.057541,0.052546,0.996959][0.984385,0.801768,0.000000][2.177018,-21.055838,-0.287851][-0.757783,0.159477,0.632719][0.959391,0.836264,0.000000][1.875661,-22.513166,-0.057981][-0.763999,0.128793,0.632232][0.963917,0.807574,0.000000]
[1.664676,-21.344137,-1.671439][-0.978342,0.206051,0.019757][0.932154,0.830588,0.000000][1.875661,-22.513166,-0.057981][-0.763999,0.128793,0.632232][0.963917,0.807574,0.000000][2.177018,-21.055838,-0.287851][-0.757783,0.159477,0.632719][0.959391,0.836264,0.000000]
[3.509655,-22.808115,0.981742][-0.057541,0.052546,0.996959][0.984385,0.801768,0.000000][1.875661,-22.513166,-0.057981][-0.763999,0.128793,0.632232][0.963917,0.807574,0.000000][3.487028,-23.889095,1.024799][-0.068185,-0.386680,0.919690][0.985233,0.780487,0.000000]
[1.664676,-21.344137,-1.671439][-0.978342,0.206051,0.019757][0.932154,0.830588,0.000000][1.369819,-23.741926,-0.819520][-0.871012,-0.238040,0.429738][0.948925,0.783385,0.000000][1.875661,-22.513166,-0.057981][-0.763999,0.128793,0.632232][0.963917,0.807574,0.000000]
[1.875661,-22.513166,-0.057981][-0.763999,0.128793,0.632232][0.963917,0.807574,0.000000][1.369819,-23.741926,-0.819520][-0.871012,-0.238040,0.429738][0.948925,0.783385,0.000000][3.487028,-23.889095,1.024799][-0.068185,-0.386680,0.919690][0.985233,0.780487,0.000000]
[1.096207,-23.021807,-2.824952][-0.975652,0.214926,-0.043712][0.909446,0.797561,0.000000][1.664676,-21.344137,-1.671439][-0.978342,0.206051,0.019757][0.932154,0.830588,0.000000][2.407545,-21.097271,-3.475592][-0.670154,0.355250,-0.651684][0.896637,0.835448,0.000000]
[1.369819,-23.741926,-0.819520][-0.871012,-0.238040,0.429738][0.948925,0.783385,0.000000][1.664676,-21.344137,-1.671439][-0.978342,0.206051,0.019757][0.932154,0.830588,0.000000][1.096207,-23.021807,-2.824952][-0.975652,0.214926,-0.043712][0.909446,0.797561,0.000000]
[2.407545,-21.097271,-3.475592][-0.670154,0.355250,-0.651684][0.896637,0.835448,0.000000][1.887935,-23.006454,-4.860375][-0.561727,0.700608,-0.440013][0.869376,0.797863,0.000000][1.096207,-23.021807,-2.824952][-0.975652,0.214926,-0.043712][0.909446,0.797561,0.000000]
[2.407545,-21.097271,-3.475592][-0.670154,0.355250,-0.651684][0.896637,0.835448,0.000000][3.969392,-22.862535,-5.495822][0.066835,0.839159,-0.539764][0.856866,0.800697,0.000000][1.887935,-23.006454,-4.860375][-0.561727,0.700608,-0.440013][0.869376,0.797863,0.000000]
[1.096207,-23.021807,-2.824952][-0.975652,0.214926,-0.043712][0.909446,0.797561,0.000000][1.051392,-23.780193,-4.494484][-0.978574,0.115006,-0.170783][0.876579,0.782631,0.000000][1.369819,-23.741926,-0.819520][-0.871012,-0.238040,0.429738][0.948925,0.783385,0.000000]
[1.887935,-23.006454,-4.860375][-0.561727,0.700608,-0.440013][0.869376,0.797863,0.000000][1.051392,-23.780193,-4.494484][-0.978574,0.115006,-0.170783][0.876579,0.782631,0.000000][1.096207,-23.021807,-2.824952][-0.975652,0.214926,-0.043712][0.909446,0.797561,0.000000]
[1.659033,-24.713034,-1.124230][-0.550642,-0.794247,0.256835][0.942926,0.764267,0.000000][3.487028,-23.889095,1.024799][-0.068185,-0.386680,0.919690][0.985233,0.780487,0.000000][1.369819,-23.741926,-0.819520][-0.871012,-0.238040,0.429738][0.948925,0.783385,0.000000]
[1.369819,-23.741926,-0.819520][-0.871012,-0.238040,0.429738][0.948925,0.783385,0.000000][1.051392,-23.780193,-4.494484][-0.978574,0.115006,-0.170783][0.876579,0.782631,0.000000][1.659033,-24.713034,-1.124230][-0.550642,-0.794247,0.256835][0.942926,0.764267,0.000000]
[3.487028,-23.889095,1.024799][-0.068185,-0.386680,0.919690][0.985233,0.780487,0.000000][1.659033,-24.713034,-1.124230][-0.550642,-0.794247,0.256835][0.942926,0.764267,0.000000][3.614958,-24.802311,-0.176146][-0.025469,-0.873756,0.485696][0.961591,0.762510,0.000000]
[3.939986,-25.000000,-4.812497][0.002998,-0.999985,-0.004693][0.870318,0.758618,0.000000][3.614958,-24.802311,-0.176146][-0.025469,-0.873756,0.485696][0.961591,0.762510,0.000000][1.659033,-24.713034,-1.124230][-0.550642,-0.794247,0.256835][0.942926,0.764267,0.000000]
[1.887935,-23.006454,-4.860375][-0.561727,0.700608,-0.440013][0.869376,0.797863,0.000000][3.969392,-22.862535,-5.495822][0.066835,0.839159,-0.539764][0.856866,0.800697,0.000000][2.059950,-23.906824,-7.219200][-0.679367,0.452005,-0.578059][0.822939,0.780138,0.000000]
[1.887935,-23.006454,-4.860375][-0.561727,0.700608,-0.440013][0.869376,0.797863,0.000000][2.059950,-23.906824,-7.219200][-0.679367,0.452005,-0.578059][0.822939,0.780138,0.000000][1.051392,-23.780193,-4.494484][-0.978574,0.115006,-0.170783][0.876579,0.782631,0.000000]
[3.969392,-22.862535,-5.495822][0.066835,0.839159,-0.539764][0.856866,0.800697,0.000000][4.295483,-23.911369,-7.965262][0.080897,0.691348,-0.717979][0.808252,0.780049,0.000000][2.059950,-23.906824,-7.219200][-0.679367,0.452005,-0.578059][0.822939,0.780138,0.000000]
[1.627411,-24.791172,-5.032880][-0.633779,-0.765603,-0.110344][0.865980,0.762729,0.000000][1.659033,-24.713034,-1.124230][-0.550642,-0.794247,0.256835][0.942926,0.764267,0.000000][1.051392,-23.780193,-4.494484][-0.978574,0.115006,-0.170783][0.876579,0.782631,0.000000]
[3.939986,-25.000000,-4.812497][0.002998,-0.999985,-0.004693][0.870318,0.758618,0.000000][1.659033,-24.713034,-1.124230][-0.550642,-0.794247,0.256835][0.942926,0.764267,0.000000][1.627411,-24.791172,-5.032880][-0.633779,-0.765603,-0.110344][0.865980,0.762729,0.000000]
[1.051392,-23.780193,-4.494484][-0.978574,0.115006,-0.170783][0.876579,0.782631,0.000000][2.059950,-23.906824,-7.219200][-0.679367,0.452005,-0.578059][0.822939,0.780138,0.000000][1.627411,-24.791172,-5.032880][-0.633779,-0.765603,-0.110344][0.865980,0.762729,0.000000]
[3.939986,-25.000000,-4.812497][0.002998,-0.999985,-0.004693][0.870318,0.758618,0.000000][1.627411,-24.791172,-5.032880][-0.633779,-0.765603,-0.110344][0.865980,0.762729,0.000000][2.274350,-24.727884,-7.876941][-0.483750,-0.486223,-0.727718][0.809991,0.763975,0.000000]
[2.274350,-24.727884,-7.876941][-0.483750,-0.486223,-0.727718][0.809991,0.763975,0.000000][1.627411,-24.791172,-5.032880][-0.633779,-0.765603,-0.110344][0.865980,0.762729,0.000000][2.059950,-23.906824,-7.219200][-0.679367,0.452005,-0.578059][0.822939,0.780138,0.000000]
[2.059950,-23.906824,-7.219200][-0.679367,0.452005,-0.578059][0.822939,0.780138,0.000000][4.295483,-23.911369,-7.965262][0.080897,0.691348,-0.717979][0.808252,0.780049,0.000000][2.274350,-24.727884,-7.876941][-0.483750,-0.486223,-0.727718][0.809991,0.763975,0.000000]
[4.341813,-24.802311,-8.149840][0.105965,-0.468942,-0.876850][0.804618,0.762510,0.000000][3.939986,-25.000000,-4.812497][0.002998,-0.999985,-0.004693][0.870318,0.758618,0.000000][2.274350,-24.727884,-7.876941][-0.483750,-0.486223,-0.727718][0.809991,0.763975,0.000000]
[4.341813,-24.802311,-8.149840][0.105965,-0.468942,-0.876850][0.804618,0.762510,0.000000][2.274350,-24.727884,-7.876941][-0.483750,-0.486223,-0.727718][0.809991,0.763975,0.000000][4.295483,-23.911369,-7.965262][0.080897,0.691348,-0.717979][0.808252,0.780049,0.000000]
[-2.101881,-14.163814,-0.244059][0.643368,0.545177,0.537457][0.960254,0.971942,0.000000][-1.585399,-16.057840,-1.886056][0.995992,0.011171,-0.088740][0.927929,0.934656,0.000000][-1.973180,-14.000300,-1.851277][0.734902,0.674963,-0.065910][0.928613,0.975161,0.000000]
[-2.101881,-14.163814,-0.244059][0.643368,0.545177,0.537457][0.960254,0.971942,0.000000][-1.973180,-14.000300,-1.851277][0.734902,0.674963,-0.065910][0.928613,0.975161,0.000000][-3.826791,-13.564265,-1.685034][-0.000006,1.000000,0.000000][0.931886,0.983745,0.000000]
[-3.660549,-14.000300,0.168576][0.065823,0.674931,0.734939][0.968377,0.975161,0.000000][-2.101881,-14.163814,-0.244059][0.643368,0.545177,0.537457][0.960254,0.971942,0.000000][-3.826791,-13.564265,-1.685034][-0.000006,1.000000,0.000000][0.931886,0.983745,0.000000]
[-3.625634,-16.057840,0.556357][0.087913,0.009632,0.996082][0.976011,0.934656,0.000000][-2.101881,-14.163814,-0.244059][0.643368,0.545177,0.537457][0.960254,0.971942,0.000000][-3.660549,-14.000300,0.168576][0.065823,0.674931,0.734939][0.968377,0.975161,0.000000]
[-2.385815,-14.163813,-3.409945][0.537480,0.545186,-0.643341][0.897929,0.971942,0.000000][-3.826791,-13.564265,-1.685034][-0.000006,1.000000,0.000000][0.931886,0.983745,0.000000][-1.973180,-14.000300,-1.851277][0.734902,0.674963,-0.065910][0.928613,0.975161,0.000000]
[-1.585399,-16.057840,-1.886056][0.995992,0.011171,-0.088740][0.927929,0.934656,0.000000][-2.385815,-14.163813,-3.409945][0.537480,0.545186,-0.643341][0.897929,0.971942,0.000000][-1.973180,-14.000300,-1.851277][0.734902,0.674963,-0.065910][0.928613,0.975161,0.000000]
[-3.826791,-13.564265,-1.685034][-0.000006,1.000000,0.000000][0.931886,0.983745,0.000000][-2.385815,-14.163813,-3.409945][0.537480,0.545186,-0.643341][0.897929,0.971942,0.000000][-3.993033,-14.000300,-3.538645][-0.066206,0.674839,-0.734989][0.895396,0.975161,0.000000]
[-2.385815,-14.163813,-3.409945][0.537480,0.545186,-0.643341][0.897929,0.971942,0.000000][-4.026417,-16.057840,-3.926426][-0.092696,0.009469,-0.995649][0.887762,0.934656,0.000000][-3.993033,-14.000300,-3.538645][-0.066206,0.674839,-0.734989][0.895396,0.975161,0.000000]
[-2.101881,-14.163814,-0.244059][0.643368,0.545177,0.537457][0.960254,0.971942,0.000000][-3.625634,-16.057840,0.556357][0.087913,0.009632,0.996082][0.976011,0.934656,0.000000][-2.024719,-16.071466,-0.179599][0.767062,0.013232,0.641437][0.961523,0.934387,0.000000]
[-1.585399,-16.057840,-1.886056][0.995992,0.011171,-0.088740][0.927929,0.934656,0.000000][-2.101881,-14.163814,-0.244059][0.643368,0.545177,0.537457][0.960254,0.971942,0.000000][-2.024719,-16.071466,-0.179599][0.767062,0.013232,0.641437][0.961523,0.934387,0.000000]
[-3.625634,-16.057840,0.556357][0.087913,0.009632,0.996082][0.976011,0.934656,0.000000][-2.252033,-18.620737,-0.369723][0.764725,-0.022532,0.643962][0.957780,0.884202,0.000000][-2.024719,-16.071466,-0.179599][0.767062,0.013232,0.641437][0.961523,0.934387,0.000000]
[-2.252033,-18.620737,-0.369723][0.764725,-0.022532,0.643962][0.957780,0.884202,0.000000][-1.585399,-16.057840,-1.886056][0.995992,0.011171,-0.088740][0.927929,0.934656,0.000000][-2.024719,-16.071466,-0.179599][0.767062,0.013232,0.641437][0.961523,0.934387,0.000000]
[-2.252033,-18.620737,-0.369723][0.764725,-0.022532,0.643962][0.957780,0.884202,0.000000][-3.625634,-16.057840,0.556357][0.087913,0.009632,0.996082][0.976011,0.934656,0.000000][-3.635415,-18.620737,0.324690][0.079058,-0.032746,0.996332][0.971450,0.884202,0.000000]
[-3.569266,-21.059040,0.453389][0.059266,0.152917,0.986460][0.973984,0.836201,0.000000][-2.252033,-18.620737,-0.369723][0.764725,-0.022532,0.643962][0.957780,0.884202,0.000000][-3.635415,-18.620737,0.324690][0.079058,-0.032746,0.996332][0.971450,0.884202,0.000000]
[-4.026417,-16.057840,-3.926426][-0.092696,0.009469,-0.995649][0.887762,0.934656,0.000000][-2.385815,-14.163813,-3.409945][0.537480,0.545186,-0.643341][0.897929,0.971942,0.000000][-2.321355,-16.071466,-3.487107][0.642170,0.013720,-0.766439][0.896410,0.934387,0.000000]
[-2.385815,-14.163813,-3.409945][0.537480,0.545186,-0.643341][0.897929,0.971942,0.000000][-1.585399,-16.057840,-1.886056][0.995992,0.011171,-0.088740][0.927929,0.934656,0.000000][-2.321355,-16.071466,-3.487107][0.642170,0.013720,-0.766439][0.896410,0.934387,0.000000]
[-2.509499,-18.620737,-3.268008][0.658552,-0.009633,-0.752474][0.900723,0.884202,0.000000][-4.026417,-16.057840,-3.926426][-0.092696,0.009469,-0.995649][0.887762,0.934656,0.000000][-2.321355,-16.071466,-3.487107][0.642170,0.013720,-0.766439][0.896410,0.934387,0.000000]
[-1.585399,-16.057840,-1.886056][0.995992,0.011171,-0.088740][0.927929,0.934656,0.000000][-2.509499,-18.620737,-3.268008][0.658552,-0.009633,-0.752474][0.900723,0.884202,0.000000][-2.321355,-16.071466,-3.487107][0.642170,0.013720,-0.766439][0.896410,0.934387,0.000000]
[-4.026417,-16.057840,-3.926426][-0.092696,0.009469,-0.995649][0.887762,0.934656,0.000000][-2.509499,-18.620737,-3.268008][0.658552,-0.009633,-0.752474][0.900723,0.884202,0.000000][-3.978485,-18.620737,-3.703248][-0.104355,-0.007453,-0.994512][0.892155,0.884202,0.000000]
[-2.509499,-18.620737,-3.268008][0.658552,-0.009633,-0.752474][0.900723,0.884202,0.000000][-3.889739,-21.059040,-3.984717][-0.107877,0.406574,-0.907226][0.886614,0.836201,0.000000][-3.978485,-18.620737,-3.703248][-0.104355,-0.007453,-0.994512][0.892155,0.884202,0.000000]
[-2.509499,-18.620737,-3.268008][0.658552,-0.009633,-0.752474][0.900723,0.884202,0.000000][-1.585399,-16.057840,-1.886056][0.995992,0.011171,-0.088740][0.927929,0.934656,0.000000][-1.813537,-18.645981,-1.843742][0.996959,-0.022038,-0.074742][0.928762,0.883705,0.000000]
[-1.585399,-16.057840,-1.886056][0.995992,0.011171,-0.088740][0.927929,0.934656,0.000000][-2.252033,-18.620737,-0.369723][0.764725,-0.022532,0.643962][0.957780,0.884202,0.000000][-1.813537,-18.645981,-1.843742][0.996959,-0.022038,-0.074742][0.928762,0.883705,0.000000]
[-3.889739,-21.059040,-3.984717][-0.107877,0.406574,-0.907226][0.886614,0.836201,0.000000][-2.509499,-18.620737,-3.268008][0.658552,-0.009633,-0.752474][0.900723,0.884202,0.000000][-2.407545,-21.097271,-3.475592][0.670154,0.355250,-0.651684][0.896637,0.835448,0.000000]
[-1.813537,-18.645981,-1.843742][0.996959,-0.022038,-0.074742][0.928762,0.883705,0.000000][-2.407545,-21.097271,-3.475592][0.670154,0.355250,-0.651684][0.896637,0.835448,0.000000][-2.509499,-18.620737,-3.268008][0.658552,-0.009633,-0.752474][0.900723,0.884202,0.000000]
[-2.407545,-21.097271,-3.475592][0.670154,0.355250,-0.651684][0.896637,0.835448,0.000000][-3.969392,-22.862535,-5.495822][-0.066835,0.839159,-0.539764][0.856866,0.800697,0.000000][-3.889739,-21.059040,-3.984717][-0.107877,0.406574,-0.907226][0.886614,0.836201,0.000000]
[-2.252033,-18.620737,-0.369723][0.764725,-0.022532,0.643962][0.957780,0.884202,0.000000][-2.177018,-21.055838,-0.287851][0.757783,0.159477,0.632719][0.959391,0.836264,0.000000][-1.813537,-18.645981,-1.843742][0.996959,-0.022038,-0.074742][0.928762,0.883705,0.000000]
[-2.252033,-18.620737,-0.369723][0.764725,-0.022532,0.643962][0.957780,0.884202,0.000000][-3.569266,-21.059040,0.453389][0.059266,0.152917,0.986460][0.973984,0.836201,0.000000][-2.177018,-21.055838,-0.287851][0.757783,0.159477,0.632719][0.959391,0.836264,0.000000]
[-3.509655,-22.808115,0.981742][0.057541,0.052546,0.996959][0.984385,0.801768,0.000000][-2.177018,-21.055838,-0.287851][0.757783,0.159477,0.632719][0.959391,0.836264,0.000000][-3.569266,-21.059040,0.453389][0.059266,0.152917,0.986460][0.973984,0.836201,0.000000]
[-1.813537,-18.645981,-1.843742][0.996959,-0.022038,-0.074742][0.928762,0.883705,0.000000][-2.177018,-21.055838,-0.287851][0.757783,0.159477,0.632719][0.959391,0.836264,0.000000][-1.664676,-21.344137,-1.671439][0.978342,0.206051,0.019757][0.932154,0.830588,0.000000]
[-2.407545,-21.097271,-3.475592][0.670154,0.355250,-0.651684][0.896637,0.835448,0.000000][-1.813537,-18.645981,-1.843742][0.996959,-0.022038,-0.074742][0.928762,0.883705,0.000000][-1.664676,-21.344137,-1.671439][0.978342,0.206051,0.019757][0.932154,0.830588,0.000000]
[-2.177018,-21.055838,-0.287851][0.757783,0.159477,0.632719][0.959391,0.836264,0.000000][-3.509655,-22.808115,0.981742][0.057541,0.052546,0.996959][0.984385,0.801768,0.000000][-1.875661,-22.513166,-0.057981][0.763999,0.128793,0.632232][0.963917,0.807574,0.000000]
[-1.664676,-21.344137,-1.671439][0.978342,0.206051,0.019757][0.932154,0.830588,0.000000][-2.177018,-21.055838,-0.287851][0.757783,0.159477,0.632719][0.959391,0.836264,0.000000][-1.875661,-22.513166,-0.057981][0.763999,0.128793,0.632232][0.963917,0.807574,0.000000]
[-3.487028,-23.889095,1.024799][0.068185,-0.386680,0.919690][0.985233,0.780487,0.000000][-1.875661,-22.513166,-0.057981][0.763999,0.128793,0.632232][0.963917,0.807574,0.000000][-3.509655,-22.808115,0.981742][0.057541,0.052546,0.996959][0.984385,0.801768,0.000000]
[-1.369819,-23.741926,-0.819520][0.871012,-0.238040,0.429738][0.948925,0.783385,0.000000][-1.664676,-21.344137,-1.671439][0.978342,0.206051,0.019757][0.932154,0.830588,0.000000][-1.875661,-22.513166,-0.057981][0.763999,0.128793,0.632232][0.963917,0.807574,0.000000]
[-1.875661,-22.513166,-0.057981][0.763999,0.128793,0.632232][0.963917,0.807574,0.000000][-3.487028,-23.889095,1.024799][0.068185,-0.386680,0.919690][0.985233,0.780487,0.000000][-1.369819,-23.741926,-0.819520][0.871012,-0.238040,0.429738][0.948925,0.783385,0.000000]
[-1.096207,-23.021807,-2.824952][0.975652,0.214926,-0.043712][0.909446,0.797561,0.000000][-2.407545,-21.097271,-3.475592][0.670154,0.355250,-0.651684][0.896637,0.835448,0.000000][-1.664676,-21.344137,-1.671439][0.978342,0.206051,0.019757][0.932154,0.830588,0.000000]
[-1.664676,-21.344137,-1.671439][0.978342,0.206051,0.019757][0.932154,0.830588,0.000000][-1.369819,-23.741926,-0.819520][0.871012,-0.238040,0.429738][0.948925,0.783385,0.000000][-1.096207,-23.021807,-2.824952][0.975652,0.214926,-0.043712][0.909446,0.797561,0.000000]
[-2.407545,-21.097271,-3.475592][0.670154,0.355250,-0.651684][0.896637,0.835448,0.000000][-1.096207,-23.021807,-2.824952][0.975652,0.214926,-0.043712][0.909446,0.797561,0.000000][-1.887935,-23.006454,-4.860375][0.561727,0.700608,-0.440013][0.869376,0.797863,0.000000]
[-3.969392,-22.862535,-5.495822][-0.066835,0.839159,-0.539764][0.856866,0.800697,0.000000][-2.407545,-21.097271,-3.475592][0.670154,0.355250,-0.651684][0.896637,0.835448,0.000000][-1.887935,-23.006454,-4.860375][0.561727,0.700608,-0.440013][0.869376,0.797863,0.000000]
[-1.096207,-23.021807,-2.824952][0.975652,0.214926,-0.043712][0.909446,0.797561,0.000000][-1.369819,-23.741926,-0.819520][0.871012,-0.238040,0.429738][0.948925,0.783385,0.000000][-1.051392,-23.780193,-4.494484][0.978574,0.115006,-0.170783][0.876579,0.782631,0.000000]
[-1.887935,-23.006454,-4.860375][0.561727,0.700608,-0.440013][0.869376,0.797863,0.000000][-1.096207,-23.021807,-2.824952][0.975652,0.214926,-0.043712][0.909446,0.797561,0.000000][-1.051392,-23.780193,-4.494484][0.978574,0.115006,-0.170783][0.876579,0.782631,0.000000]
[-1.887935,-23.006454,-4.860375][0.561727,0.700608,-0.440013][0.869376,0.797863,0.000000][-2.059950,-23.906824,-7.219200][0.679367,0.452005,-0.578059][0.822939,0.780138,0.000000][-3.969392,-22.862535,-5.495822][-0.066835,0.839159,-0.539764][0.856866,0.800697,0.000000]
[-1.887935,-23.006454,-4.860375][0.561727,0.700608,-0.440013][0.869376,0.797863,0.000000][-1.051392,-23.780193,-4.494484][0.978574,0.115006,-0.170783][0.876579,0.782631,0.000000][-2.059950,-23.906824,-7.219200][0.679367,0.452005,-0.578059][0.822939,0.780138,0.000000]
[-3.969392,-22.862535,-5.495822][-0.066835,0.839159,-0.539764][0.856866,0.800697,0.000000][-2.059950,-23.906824,-7.219200][0.679367,0.452005,-0.578059][0.822939,0.780138,0.000000][-4.295483,-23.911369,-7.965262][-0.080897,0.691348,-0.717978][0.808252,0.780049,0.000000]
[-3.487028,-23.889095,1.024799][0.068185,-0.386680,0.919690][0.985233,0.780487,0.000000][-1.659033,-24.713034,-1.124230][0.550642,-0.794247,0.256835][0.942926,0.764267,0.000000][-1.369819,-23.741926,-0.819520][0.871012,-0.238040,0.429738][0.948925,0.783385,0.000000]
[-1.051392,-23.780193,-4.494484][0.978574,0.115006,-0.170783][0.876579,0.782631,0.000000][-1.369819,-23.741926,-0.819520][0.871012,-0.238040,0.429738][0.948925,0.783385,0.000000][-1.659033,-24.713034,-1.124230][0.550642,-0.794247,0.256835][0.942926,0.764267,0.000000]
[-1.659033,-24.713034,-1.124230][0.550642,-0.794247,0.256835][0.942926,0.764267,0.000000][-3.487028,-23.889095,1.024799][0.068185,-0.386680,0.919690][0.985233,0.780487,0.000000][-3.614958,-24.802311,-0.176146][0.025469,-0.873756,0.485696][0.961591,0.762510,0.000000]
[-3.939986,-25.000000,-4.812497][-0.002998,-0.999985,-0.004693][0.870318,0.758618,0.000000][-1.659033,-24.713034,-1.124230][0.550642,-0.794247,0.256835][0.942926,0.764267,0.000000][-3.614958,-24.802311,-0.176146][0.025469,-0.873756,0.485696][0.961591,0.762510,0.000000]
[-1.051392,-23.780193,-4.494484][0.978574,0.115006,-0.170783][0.876579,0.782631,0.000000][-1.659033,-24.713034,-1.124230][0.550642,-0.794247,0.256835][0.942926,0.764267,0.000000][-1.627411,-24.791172,-5.032880][0.633779,-0.765603,-0.110344][0.865980,0.762729,0.000000]
[-3.939986,-25.000000,-4.812497][-0.002998,-0.999985,-0.004693][0.870318,0.758618,0.000000][-1.627411,-24.791172,-5.032880][0.633779,-0.765603,-0.110344][0.865980,0.762729,0.000000][-1.659033,-24.713034,-1.124230][0.550642,-0.794247,0.256835][0.942926,0.764267,0.000000]
[-2.059950,-23.906824,-7.219200][0.679367,0.452005,-0.578059][0.822939,0.780138,0.000000][-1.051392,-23.780193,-4.494484][0.978574,0.115006,-0.170783][0.876579,0.782631,0.000000][-1.627411,-24.791172,-5.032880][0.633779,-0.765603,-0.110344][0.865980,0.762729,0.000000]
[-3.939986,-25.000000,-4.812497][-0.002998,-0.999985,-0.004693][0.870318,0.758618,0.000000][-2.274350,-24.727884,-7.876941][0.483750,-0.486223,-0.727718][0.809991,0.763975,0.000000][-1.627411,-24.791172,-5.032880][0.633779,-0.765603,-0.110344][0.865980,0.762729,0.000000]
[-2.059950,-23.906824,-7.219200][0.679367,0.452005,-0.578059][0.822939,0.780138,0.000000][-1.627411,-24.791172,-5.032880][0.633779,-0.765603,-0.110344][0.865980,0.762729,0.000000][-2.274350,-24.727884,-7.876941][0.483750,-0.486223,-0.727718][0.809991,0.763975,0.000000]
[-4.295483,-23.911369,-7.965262][-0.080897,0.691348,-0.717978][0.808252,0.780049,0.000000][-2.059950,-23.906824,-7.219200][0.679367,0.452005,-0.578059][0.822939,0.780138,0.000000][-2.274350,-24.727884,-7.876941][0.483750,-0.486223,-0.727718][0.809991,0.763975,0.000000]
[-2.274350,-24.727884,-7.876941][0.483750,-0.486223,-0.727718][0.809991,0.763975,0.000000][-3.939986,-25.000000,-4.812497][-0.002998,-0.999985,-0.004693][0.870318,0.758618,0.000000][-4.341813,-24.802311,-8.149840][-0.105965,-0.468942,-0.876850][0.804618,0.762510,0.000000]
[-4.295483,-23.911369,-7.965262][-0.080897,0.691348,-0.717978][0.808252,0.780049,0.000000][-2.274350,-24.727884,-7.876941][0.483750,-0.486223,-0.727718][0.809991,0.763975,0.000000][-4.341813,-24.802311,-8.149840][-0.105965,-0.468942,-0.876850][0.804618,0.762510,0.000000]
